name,address,domain,website,phone_number,category,location,reviews_count,reviews_average,latitude,longitude,map_url,status_hours
Vrikshya Cafe Restaurant and Bar,"Baidam Road, Pokhara 33700",vrikshyarestro.com,https://www.vrikshyarestro.com,980-2858658,restaurant,Grid Search,,,28.209,83.985,"https://www.google.com/maps/place/Vrikshya+Cafe+Restaurant+and+Bar/@28.209,83.985,15z/data=!4m11!1m3!2m2!1srestaurant!6e5!3m6!1s0x399595004b5d679d:0x5c39b54c2060d6fd!8m2!3d28.2034802!4d83.9661661!15sCgpyZXN0YXVyYW50WgwiCnJlc3RhdXJhbnSSAQpyZXN0YXVyYW50mgEjQ2haRFNVaE5NRzluUzBWSlEwRm5TVU5tTjI4MmRrcEJFQUXgAQD6AQUIxAEQSA!16s%2Fg%2F11ltwq4nbb?entry=ttu&g_ep=EgoyMDI2MDQxNC4wIKXMDSoASAFQAw%3D%3D",Open 24 hours 
Little Nepal Café & Restaurant,"6X38+Q3F, Pokhara 33700",,,981-1430273,restaurant,Grid Search,,,28.2034802,83.9481417,"https://www.google.com/maps/place/Little+Nepal+Caf%C3%A9+%26+Restaurant/@28.2034802,83.9481417,15z/data=!4m11!1m3!2m2!1srestaurant!6e5!3m6!1s0x399595103653b035:0x184df809490cc9b8!8m2!3d28.2044307!4d83.9651431!15sCgpyZXN0YXVyYW50WgwiCnJlc3RhdXJhbnSSARFmYW1pbHlfcmVzdGF1cmFudJoBRENpOURRVWxSUVVOdlpFTm9kSGxqUmpsdlQydEdRbUpIWXpWa1ZHeE9WREZTUzFkR1VrNVRiR1JMVFRCR2VrNUZSUkFC4AEA-gEFCL0BEEo!16s%2Fg%2F11srjm4kf9?entry=ttu&g_ep=EgoyMDI2MDQxNC4wIKXMDSoASAFQAw%3D%3D",Closed · Opens 7 AM Sat 
Daddys Kitchen Pokhara,"Mustang Chowk, Himali Tole Marg, Pokhara 33700",,,061-457967,restaurant,Grid Search,,,28.2034802,83.9481417,"https://www.google.com/maps/place/Daddys+Kitchen+Pokhara/@28.2034802,83.9481417,15z/data=!4m11!1m3!2m2!1srestaurant!6e5!3m6!1s0x399595f636983b53:0x153b80462e41735a!8m2!3d28.1955203!4d83.9739015!15sCgpyZXN0YXVyYW50WgwiCnJlc3RhdXJhbnSSAQpyZXN0YXVyYW50mgFEQ2k5RFFVbFJRVU52WkVOb2RIbGpSamx2VDJ0S01WVXpXalJaYTBwRlZWZG9jMHhWTVhwaE1GcHNWV3N4VlZSWFl4QULgAQD6AQQIABAy!16s%2Fg%2F11h_yny8zs?entry=ttu&g_ep=EgoyMDI2MDQxNC4wIKXMDSoASAFQAw%3D%3D",Closed · Opens 7 AM Sat 
Aarhnee Garden,"Jarebar, Street 34, Pokhara 33700",,,981-4169098,restaurant,Grid Search,,,28.2034802,83.9481417,"https://www.google.com/maps/place/Aarhnee+Garden/@28.2034802,83.9481417,15z/data=!4m11!1m3!2m2!1srestaurant!6e5!3m6!1s0x399595acb1ee4881:0x786cc10d58a523de!8m2!3d28.2123075!4d83.9667813!15sCgpyZXN0YXVyYW50WgwiCnJlc3RhdXJhbnSSARBhc2lhbl9yZXN0YXVyYW50mgFEQ2k5RFFVbFJRVU52WkVOb2RIbGpSamx2VDIxNFIxZFZhSFphTUdSdVpXMXNhRTB4YUZWVFJGSlBXVEpLYUUweVl4QULgAQD6AQQIABA-!16s%2Fg%2F11jyzl7z9p?entry=ttu&g_ep=EgoyMDI2MDQxNC4wIKXMDSoASAFQAw%3D%3D",Closed · Opens 12 PM Sat 
Naulo Cafe Restaurant & Thakali Bhanchha,"Behind Trademall, New Rd, Pokhara 33700",,,061-586564,restaurant,Grid Search,,,28.2034802,83.9481417,"https://www.google.com/maps/place/Naulo+Cafe+Restaurant+%26+Thakali+Bhanchha/@28.2034802,83.9481417,15z/data=!4m11!1m3!2m2!1srestaurant!6e5!3m6!1s0x399595e5fbbdc745:0x93b9bcee97f43cb6!8m2!3d28.2226325!4d83.9866745!15sCgpyZXN0YXVyYW50WgwiCnJlc3RhdXJhbnSSAQpyZXN0YXVyYW50mgFEQ2k5RFFVbFJRVU52WkVOb2RIbGpSamx2VDJwYWVsZEVSa3hOYm5CUVYxUmplVTlJU2tSU1JHaE1ZMVJzYmxGWFl4QULgAQD6AQQIABA5!16s%2Fg%2F11zknhdkn4?entry=ttu&g_ep=EgoyMDI2MDQxNC4wIKXMDSoASAFQAw%3D%3D",Closes soon · 11:30 PM · Opens 9 AM Sat 
Himilayan Dorjee Restaurant Damside Pokhara,"5XX9+5VV, Pokhara 17",,,981-7134734,restaurant,Grid Search,,,28.197909,83.9516264,"https://www.google.com/maps/place/Himilayan+Dorjee+Restaurant+Damside+Pokhara/@28.197909,83.9516264,15z/data=!4m11!1m3!2m2!1srestaurant!6e5!3m6!1s0x3995950049357e71:0xb0dcf2656068fcae!8m2!3d28.197909!4d83.9696508!15sCgpyZXN0YXVyYW50WgwiCnJlc3RhdXJhbnSSARJ0aWJldGFuX3Jlc3RhdXJhbnSaAURDaTlEUVVsUlFVTnZaRU5vZEhsalJqbHZUMnROZVZKRVRucE9iVTAxVW10Wk1WWkVhRnBOUkZveFRsUm5lVmxZWXhBQuABAPoBBAgtEC4!16s%2Fg%2F11vy2cng2d?entry=ttu&g_ep=EgoyMDI2MDQxNC4wIKXMDSoASAFQAw%3D%3D",Closed · Opens 9:30 AM Sat 
Cafe Chiya Munch & Restaurant,"17 Damside Rd, Pokhara 33700",instagram.com,https://www.instagram.com,980-1150001,restaurant,Grid Search,,,28.197909,83.9516264,"https://www.google.com/maps/place/Cafe+Chiya+Munch+%26+Restaurant/@28.197909,83.9516264,15z/data=!4m11!1m3!2m2!1srestaurant!6e5!3m6!1s0x3995950037284139:0xc2887b85103f815!8m2!3d28.1961533!4d83.9699886!15sCgpyZXN0YXVyYW50WgwiCnJlc3RhdXJhbnSSAQpyZXN0YXVyYW50mgFEQ2k5RFFVbFJRVU52WkVOb2RIbGpSamx2VDJ0U1RHTklaSEZYUm1SeVZXcE9UVkpVUWpCamJEbG1URlpKTVU1WVl4QULgAQD6AQUI4QIQRw!16s%2Fg%2F11wh332_c8?entry=ttu&g_ep=EgoyMDI2MDQxNC4wIKXMDSoASAFQAw%3D%3D",
Local Sukuti Restaurant,"6X66+4PM, Pokhara 33700",,,985-6021931,restaurant,Grid Search,,,28.197909,83.9516264,"https://www.google.com/maps/place/Local+Sukuti+Restaurant/@28.197909,83.9516264,15z/data=!4m11!1m3!2m2!1srestaurant!6e5!3m6!1s0x399595d4e412d781:0x6ca17c8b0a20b28c!8m2!3d28.2102984!4d83.9617286!15sCgpyZXN0YXVyYW50WgwiCnJlc3RhdXJhbnSSAQpyZXN0YXVyYW50mgEjQ2haRFNVaE5NRzluUzBWSlEwRm5TVVJ1TkhKWVFVaEJFQUXgAQD6AQQIABA5!16s%2Fg%2F11trlq3p4d?entry=ttu&g_ep=EgoyMDI2MDQxNC4wIKXMDSoASAFQAw%3D%3D",Closed · Opens 8:30 AM Sat 
You And Me Cafe and Restaurant,"Thado Pasal Path, Pokhara 33700",,,984-6718096,restaurant,Grid Search,,,28.2102984,83.9437042,"https://www.google.com/maps/place/You+And+Me+Cafe+and+Restaurant/@28.2102984,83.9437042,15z/data=!4m11!1m3!2m2!1srestaurant!6e5!3m6!1s0x39959516d79828df:0x8720c9d23d9a73c1!8m2!3d28.207595!4d83.9659772!15sCgpyZXN0YXVyYW50WgwiCnJlc3RhdXJhbnSSAQpyZXN0YXVyYW50mgEkQ2hkRFNVaE5NRzluUzBWSlEwRm5TVU5FZUU1NWJqWm5SUkFC4AEA-gEECAAQSQ!16s%2Fg%2F11qnkt1tjx?entry=ttu&g_ep=EgoyMDI2MDQxNC4wIKXMDSoASAFQAw%3D%3D",
मधुर व्यञ्जन pure veg restaurant,"6X4G+WW3, Rastra Bank Rd, Pokhara 33700",,,061-451438,restaurant,Grid Search,,,28.2102984,83.9437042,"https://www.google.com/maps/place/%E0%A4%AE%E0%A4%A7%E0%A5%81%E0%A4%B0+%E0%A4%B5%E0%A5%8D%E0%A4%AF%E0%A4%9E%E0%A5%8D%E0%A4%9C%E0%A4%A8+pure+veg+restaurant/@28.2102984,83.9437042,15z/data=!4m11!1m3!2m2!1srestaurant!6e5!3m6!1s0x399595004e57d419:0x65ad78d66b6acda3!8m2!3d28.2072644!4d83.9772835!15sCgpyZXN0YXVyYW50WgwiCnJlc3RhdXJhbnSSARV2ZWdldGFyaWFuX3Jlc3RhdXJhbnSaASRDaGREU1VoTk1HOW5TMFZKUTBGblRVUlJaemwyT0hSQlJSQULgAQD6AQQIcBBJ!16s%2Fg%2F11m6c0s6qt?entry=ttu&g_ep=EgoyMDI2MDQxNC4wIKXMDSoASAFQAw%3D%3D",Closed · Opens 6:20 AM Sat 
Panday Restaurant,"Lakeside Rd, Pokhara 33700",,,984-6041161,restaurant,Grid Search,,,28.2072644,83.9592591,"https://www.google.com/maps/place/Panday+Restaurant/@28.2072644,83.9592591,15z/data=!4m11!1m3!2m2!1srestaurant!6e5!3m6!1s0x39959534a6edc7d5:0xc94ec27d73f97408!8m2!3d28.2058558!4d83.9625285!15sCgpyZXN0YXVyYW50WgwiCnJlc3RhdXJhbnSSAQpyZXN0YXVyYW50mgFEQ2k5RFFVbFJRVU52WkVOb2RIbGpSamx2VDJ0T1dsTllTWGxPV0hBelkwaGtSMDlXYkZaVFZ6VTBVa2hzV1dKV1JSQULgAQD6AQUIxwEQNw!16s%2Fg%2F11h4pr0k68?entry=ttu&g_ep=EgoyMDI2MDQxNC4wIKXMDSoASAFQAw%3D%3D",Closed · Opens 6:30 AM Sat 
Welcome Restaurant,"6X46+M72, Pokhara 33700",,,,restaurant,Grid Search,,,28.2092761,83.9671277,"https://www.google.com/maps/place/Welcome+Restaurant/@28.2092761,83.9671277,15z/data=!4m11!1m3!2m2!1srestaurant!6e5!3m6!1s0x3995959c7723f10f:0x4e9124d1db2d997c!8m2!3d28.2066467!4d83.9606485!15sCgpyZXN0YXVyYW50WgwiCnJlc3RhdXJhbnSSAQpyZXN0YXVyYW50mgEkQ2hkRFNVaE5NRzluUzBWSlEwRm5TVVJVZWpaSGQydG5SUkFC4AEA-gEECBgQOA!16s%2Fg%2F11gtg7f8m1?entry=ttu&g_ep=EgoyMDI2MDQxNC4wIKXMDSoASAFQAw%3D%3D",Closed · Opens 7 AM Sat 
The New Stupa View Restaurant,"6X66+RMJ, Lalupate Margha, Pokhara 33700",,,984-6002736,restaurant,Grid Search,,,28.2066467,83.9426241,"https://www.google.com/maps/place/The+New+Stupa+View+Restaurant/@28.2066467,83.9426241,15z/data=!4m11!1m3!2m2!1srestaurant!6e5!3m6!1s0x3995951d92fb5cc3:0x666f0cd3f1a5b816!8m2!3d28.2120809!4d83.9616337!15sCgpyZXN0YXVyYW50WgwiCnJlc3RhdXJhbnSSAQpyZXN0YXVyYW50mgEjQ2haRFNVaE5NRzluUzBWSlEwRm5TVU5DTjB0TFJsaDNFQUXgAQD6AQQIHhBF!16s%2Fg%2F11g7z66c2n?entry=ttu&g_ep=EgoyMDI2MDQxNC4wIKXMDSoASAFQAw%3D%3D",Closed · Opens 6:30 AM Sat 
Blissful cafe & restaurant,"6XCQ+V85, Pokhara 33700",,,982-7166073,restaurant,Grid Search,,,28.2066467,83.9426241,"https://www.google.com/maps/place/Blissful+cafe+%26+restaurant/@28.2066467,83.9426241,15z/data=!4m11!1m3!2m2!1srestaurant!6e5!3m6!1s0x3995950013e88519:0xdd1aa4d5a0813399!8m2!3d28.2221356!4d83.9883442!15sCgpyZXN0YXVyYW50WgwiCnJlc3RhdXJhbnSSAQpyZXN0YXVyYW50mgEjQ2haRFNVaE5NRzluUzBWTWJVRm5aVzVpWjNKVVZFUm5FQUXgAQD6AQQIABAb!16s%2Fg%2F11lcggzcm_?entry=ttu&g_ep=EgoyMDI2MDQxNC4wIKXMDSoASAFQAw%3D%3D",Open 24 hours 
Green Forest Restaurant,"6294+JQC, Pokhara 33700",,,,restaurant,Grid Search,,,28.2221356,83.9703198,"https://www.google.com/maps/place/Green+Forest+Restaurant/@28.2221356,83.9703198,15z/data=!4m11!1m3!2m2!1srestaurant!6e5!3m6!1s0x3995950050304faf:0x146490b814c7a9ce!8m2!3d28.2190513!4d84.0068936!15sCgpyZXN0YXVyYW50WgwiCnJlc3RhdXJhbnSSAQpyZXN0YXVyYW504AEA!16s%2Fg%2F11vm5ttsmd?entry=ttu&g_ep=EgoyMDI2MDQxNC4wIKXMDSoASAFQAw%3D%3D",Closed · Opens 6 AM Sat 
Rato Bhale Restaurant,Pokhara 33700,,,981-6640052,restaurant,Grid Search,,,28.20629,83.944071,"https://www.google.com/maps/place/Rato+Bhale+Restaurant/@28.20629,83.944071,15z/data=!4m11!1m3!2m2!1srestaurant!6e5!3m6!1s0x399595004ed444e7:0xc026958f0782c554!8m2!3d28.2080346!4d83.9880585!15sCgpyZXN0YXVyYW50WgwiCnJlc3RhdXJhbnSSARFmYW1pbHlfcmVzdGF1cmFudOABAA!16s%2Fg%2F11xtz0w59f?entry=ttu&g_ep=EgoyMDI2MDQxNC4wIKXMDSoASAFQAw%3D%3D",Closed · Opens 5:30 AM Sat 
Thicheko Aalu & Dolphin Restaurant,"Buddha Chowk, Pokhara 33700",,,985-6006017,restaurant,Grid Search,,,28.2049488,83.9441227,"https://www.google.com/maps/place/Thicheko+Aalu+%26+Dolphin+Restaurant/@28.2049488,83.9441227,15z/data=!4m11!1m3!2m2!1srestaurant!6e5!3m6!1s0x39959572320d3e17:0x8ef7be6344741b5e!8m2!3d28.2065529!4d83.9938367!15sCgpyZXN0YXVyYW50WgwiCnJlc3RhdXJhbnSSAQpyZXN0YXVyYW50mgEjQ2haRFNVaE5NRzluUzBWSlEwRm5TVU53YUZCTU4xZEJFQUXgAQD6AQQIABAf!16s%2Fg%2F11fc7rppsg?entry=ttu&g_ep=EgoyMDI2MDQxNC4wIKXMDSoASAFQAw%3D%3D",
The Muglan Restaurant,"New Rd, Pokhara 33700",themuglan.com,https://www.themuglan.com,061-553644,restaurant,Grid Search,,,28.2065529,83.9758123,"https://www.google.com/maps/place/The+Muglan+Restaurant/@28.2065529,83.9758123,15z/data=!4m11!1m3!2m2!1srestaurant!6e5!3m6!1s0x399595ad82741f3f:0xf330921a14fb8f37!8m2!3d28.2113816!4d83.9844109!15sCgpyZXN0YXVyYW50WgwiCnJlc3RhdXJhbnSSAQpyZXN0YXVyYW50mgEjQ2haRFNVaE5NRzluUzBWSlEwRm5TVU42ZW5KNlpWRkJFQUXgAQD6AQQIABAm!16s%2Fg%2F11gflyl5cf?entry=ttu&g_ep=EgoyMDI2MDQxNC4wIKXMDSoASAFQAw%3D%3D",
You & Me Restaurant Bar,Pokhara 33700,,,981-4152389,restaurant,Grid Search,,,28.2065529,83.9758123,"https://www.google.com/maps/place/You+%26+Me+Restaurant+Bar/@28.2065529,83.9758123,15z/data=!4m11!1m3!2m2!1srestaurant!6e5!3m6!1s0x399595dca95cb0bd:0x3d16e37d52f200da!8m2!3d28.2053255!4d83.9947765!15sCgpyZXN0YXVyYW50WgwiCnJlc3RhdXJhbnSSAQpyZXN0YXVyYW50mgEkQ2hkRFNVaE5NRzluUzBWSlEwRm5TVU5rT1RnMk15MVJSUkFC4AEA-gEECAAQIg!16s%2Fg%2F11n101d7pm?entry=ttu&g_ep=EgoyMDI2MDQxNC4wIKXMDSoASAFQAw%3D%3D",Closed · Opens 7 AM Sat 
"SUVA DANG VALLEY FAST FOOD AND FAMILY RESTAURANT शुभ दाङ् भ्याली फाष्ट फुड एण्ड फेमिली रेस्टुरेण्ट, हस्पिटल चाेक पाेखरा","10 Shanti Marg, Pokhara 33700",,,984-9379844,restaurant,Grid Search,,,28.2065529,83.9758123,"https://www.google.com/maps/place/SUVA+DANG+VALLEY+FAST+FOOD+AND+FAMILY+RESTAURANT+%E0%A4%B6%E0%A5%81%E0%A4%AD+%E0%A4%A6%E0%A4%BE%E0%A4%99%E0%A5%8D+%E0%A4%AD%E0%A5%8D%E0%A4%AF%E0%A4%BE%E0%A4%B2%E0%A5%80+%E0%A4%AB%E0%A4%BE%E0%A4%B7%E0%A5%8D%E0%A4%9F+%E0%A4%AB%E0%A5%81%E0%A4%A1+%E0%A4%8F%E0%A4%A3%E0%A5%8D%E0%A4%A1+%E0%A4%AB%E0%A5%87%E0%A4%AE%E0%A4%BF%E0%A4%B2%E0%A5%80+%E0%A4%B0%E0%A5%87%E0%A4%B8%E0%A5%8D%E0%A4%9F%E0%A5%81%E0%A4%B0%E0%A5%87%E0%A4%A3%E0%A5%8D%E0%A4%9F,+%E0%A4%B9%E0%A4%B8%E0%A5%8D%E0%A4%AA%E0%A4%BF%E0%A4%9F%E0%A4%B2+%E0%A4%9A%E0%A4%BE%E0%A5%87%E0%A4%95+%E0%A4%AA%E0%A4%BE%E0%A5%87%E0%A4%96%E0%A4%B0%E0%A4%BE/@28.2065529,83.9758123,15z/data=!4m11!1m3!2m2!1srestaurant!6e5!3m6!1s0x3995950056af308f:0x87691270f788d9fa!8m2!3d28.2112082!4d83.9972514!15sCgpyZXN0YXVyYW50WgwiCnJlc3RhdXJhbnSSARFmYW1pbHlfcmVzdGF1cmFudJoBJENoZERTVWhOTUc5blMwVkpRMEZuU1VSMmVFMXFPSHBSUlJBQuABAPoBBQjGARBL!16s%2Fg%2F11vr_gkmht?entry=ttu&g_ep=EgoyMDI2MDQxNC4wIKXMDSoASAFQAw%3D%3D",Closed · Opens 6 AM Sat 
Sungabha Restaurant,"Sarnim Toll, Pokhara 33700",,,980-6699271,restaurant,Grid Search,,,28.2065529,83.9758123,"https://www.google.com/maps/place/Sungabha+Restaurant/@28.2065529,83.9758123,15z/data=!4m11!1m3!2m2!1srestaurant!6e5!3m6!1s0x399595f11903d199:0x54a01edd84755f1e!8m2!3d28.2038701!4d84.0040032!15sCgpyZXN0YXVyYW50WgwiCnJlc3RhdXJhbnSSAQpyZXN0YXVyYW504AEA!16s%2Fg%2F11fhtdnsk_?entry=ttu&g_ep=EgoyMDI2MDQxNC4wIKXMDSoASAFQAw%3D%3D",Closed · Opens 6 AM Sat 
Samrat Restaurant,"6XFQ+F68, Pokhara 33700",,,061-525348,restaurant,Grid Search,,,28.2192584,83.9595866,"https://www.google.com/maps/place/Samrat+Restaurant/@28.2192584,83.9595866,15z/data=!4m11!1m3!2m2!1srestaurant!6e5!3m6!1s0x3995944fb84515b5:0x19c3ba8a4f4118b7!8m2!3d28.2236609!4d83.9880709!15sCgpyZXN0YXVyYW50WgwiCnJlc3RhdXJhbnSSAQpyZXN0YXVyYW50mgEjQ2haRFNVaE5NRzluUzBWUWJVMDNTakk1ZUMxUVowcG5FQUXgAQD6AQUIlQ0QRg!16s%2Fg%2F11cs269_f0?entry=ttu&g_ep=EgoyMDI2MDQxNC4wIKXMDSoASAFQAw%3D%3D",Closed · Opens 11 AM Sun 
Silk Road restaurant and Bar,"Baidam Rd, Pokhara 33800",,,,restaurant,Grid Search,,,28.2192584,83.9595866,"https://www.google.com/maps/place/Silk+Road+restaurant+and+Bar/@28.2192584,83.9595866,15z/data=!4m11!1m3!2m2!1srestaurant!6e5!3m6!1s0x3995958bcbe8cd23:0x149ce2ede118ac29!8m2!3d28.2195232!4d83.9579199!15sCgpyZXN0YXVyYW50WgwiCnJlc3RhdXJhbnSSAQpyZXN0YXVyYW50mgEjQ2haRFNVaE5NRzluUzBWSlEwRm5TVVF0YUZsNWNWVjNFQUXgAQD6AQQIABBF!16s%2Fg%2F11j_2bfjv8?entry=ttu&g_ep=EgoyMDI2MDQxNC4wIKXMDSoASAFQAw%3D%3D",Closed · Opens 8 AM Sat 
Mustangchowk Restaurant,"5XXG+HGC, Pokhara 33700",,,,restaurant,Grid Search,,,28.2195232,83.9398955,"https://www.google.com/maps/place/Mustangchowk+Restaurant/@28.2195232,83.9398955,15z/data=!4m11!1m3!2m2!1srestaurant!6e5!3m6!1s0x399595fb00af8c2f:0x6dadd71737f7208e!8m2!3d28.1989382!4d83.9762594!15sCgpyZXN0YXVyYW50WgwiCnJlc3RhdXJhbnSSAQpyZXN0YXVyYW504AEA!16s%2Fg%2F11jf9sv62d?entry=ttu&g_ep=EgoyMDI2MDQxNC4wIKXMDSoASAFQAw%3D%3D",
Hello Friends's Cafe,Pokhara 33700,,,061-591890,restaurant,Grid Search,,,28.2068302,83.9402443,"https://www.google.com/maps/place/Hello+Friends's+Cafe/@28.2068302,83.9402443,15z/data=!4m11!1m3!2m2!1srestaurant!6e5!3m6!1s0x3995952338d95085:0x9f10e5a286cdbb9a!8m2!3d28.1969349!4d83.9697115!15sCgpyZXN0YXVyYW50WgwiCnJlc3RhdXJhbnSSAQ1iYXJfYW5kX2dyaWxsmgEkQ2hkRFNVaE5NRzluUzBWSlEwRm5TVVJsTlZwNk5uWkJSUkFC4AEA-gEECAAQTA!16s%2Fg%2F11gnrvpdh0?entry=ttu&g_ep=EgoyMDI2MDQxNC4wIKXMDSoASAFQAw%3D%3D",Closed · Opens 6 AM Sat 
Mustang Gate Chailey Restaurant,"6X6J+5V4, Phewa Marga, Pokhara 33700",,,984-1344225,restaurant,Grid Search,,,28.2068302,83.9402443,"https://www.google.com/maps/place/Mustang+Gate+Chailey+Restaurant/@28.2068302,83.9402443,15z/data=!4m11!1m3!2m2!1srestaurant!6e5!3m6!1s0x399595adbd0a55d3:0x990a8b06218efc58!8m2!3d28.2103913!4d83.9822107!15sCgpyZXN0YXVyYW50WgwiCnJlc3RhdXJhbnSSAQpyZXN0YXVyYW50mgFEQ2k5RFFVbFJRVU52WkVOb2RIbGpSamx2VDI1c2FHTnVXbVpZTVd3eFpETndTMk5HYkhWUk1IUlRaRzVhVkU1dFl4QULgAQD6AQQIABAY!16s%2Fg%2F11rtx762wq?entry=ttu&g_ep=EgoyMDI2MDQxNC4wIKXMDSoASAFQAw%3D%3D",Closed · Opens 7 AM Sat 
Fewa Jhir Zone And Restaurant Pvt. Ltd.,Pokhara 33700,,,985-6078057,restaurant,Grid Search,,,28.2103913,83.9641863,"https://www.google.com/maps/place/Fewa+Jhir+Zone+And+Restaurant+Pvt.+Ltd./@28.2103913,83.9641863,15z/data=!4m11!1m3!2m2!1srestaurant!6e5!3m6!1s0x399595ef807d1e5b:0xd6e518d5768a8482!8m2!3d28.1963498!4d83.970711!15sCgpyZXN0YXVyYW50WgwiCnJlc3RhdXJhbnSSAQpyZXN0YXVyYW50mgEkQ2hkRFNVaE5NRzluUzBWSlEwRm5TVU5rZG1aUWMybDNSUkFC4AEA-gEECGkQOQ!16s%2Fg%2F11qzcft_qj?entry=ttu&g_ep=EgoyMDI2MDQxNC4wIKXMDSoASAFQAw%3D%3D",Closed · Opens 8 AM Sat 
Puime Restaurant and Bar,"5XWF+7QJ, Pokhara 33700",facebook.com,https://www.facebook.com,061-456050,restaurant,Grid Search,,,28.2103913,83.9641863,"https://www.google.com/maps/place/Puime+Restaurant+and+Bar/@28.2103913,83.9641863,15z/data=!4m11!1m3!2m2!1srestaurant!6e5!3m6!1s0x3995950a0e8fa4d9:0xc16fc99f3e14a943!8m2!3d28.1957102!4d83.9743985!15sCgpyZXN0YXVyYW50WgwiCnJlc3RhdXJhbnSSAQpyZXN0YXVyYW50mgEkQ2hkRFNVaE5NRzluUzBWSlEwRm5TVU5hTVhCRFdEaEJSUkFC4AEA-gEECGgQMg!16s%2Fg%2F11bz09r32c?entry=ttu&g_ep=EgoyMDI2MDQxNC4wIKXMDSoASAFQAw%3D%3D",Closed · Opens 8 AM Sat 
Rainbow Cottage Restaurant,"5XWF+7P4, Pokhara 33700",,,985-6087828,restaurant,Grid Search,,,28.1957102,83.9563741,"https://www.google.com/maps/place/Rainbow+Cottage+Restaurant/@28.1957102,83.9563741,15z/data=!4m11!1m3!2m2!1srestaurant!6e5!3m6!1s0x3995958a5a7510d1:0x5b72f05b381f11d6!8m2!3d28.1956307!4d83.9743339!15sCgpyZXN0YXVyYW50WgwiCnJlc3RhdXJhbnSSAQpyZXN0YXVyYW50mgEkQ2hkRFNVaE5NRzluUzBWSlEwRm5UVVJ2WDNJekxXaG5SUkFC4AEA-gEECCcQRg!16s%2Fg%2F11q2rzgjly?entry=ttu&g_ep=EgoyMDI2MDQxNC4wIKXMDSoASAFQAw%3D%3D",Closed · Opens 7 AM Sat 
Piya Restaurant,"6X66+9QJ, Pokhara 33700",,,982-6117013,restaurant,Grid Search,,,28.1957102,83.9563741,"https://www.google.com/maps/place/Piya+Restaurant/@28.1957102,83.9563741,15z/data=!4m11!1m3!2m2!1srestaurant!6e5!3m6!1s0x3995951d1a9be395:0xd96b8fef46673b8d!8m2!3d28.2109633!4d83.9618945!15sCgpyZXN0YXVyYW50WgwiCnJlc3RhdXJhbnSSAQpyZXN0YXVyYW50mgFEQ2k5RFFVbFJRVU52WkVOb2RIbGpSamx2VDIxR1QxZFZjREJqUkZwWlRWUmFNR1ZYTlhsVVJUbHpUVWR2ZUdFell4QULgAQD6AQQIABAY!16s%2Fg%2F11g6n89372?entry=ttu&g_ep=EgoyMDI2MDQxNC4wIKXMDSoASAFQAw%3D%3D",Closed · Opens 6 AM Sat 
Sakura Restaurant & Lodge,"5XX9+4VV, Pokhara 33700",,,061-467272,restaurant,Grid Search,,,28.2109633,83.9438701,"https://www.google.com/maps/place/Sakura+Restaurant+%26+Lodge/@28.2109633,83.9438701,15z/data=!4m11!1m3!2m2!1srestaurant!6e5!3m6!1s0x39959506da0bd8f3:0x9dbf83fba753e428!8m2!3d28.1978695!4d83.969685!15sCgpyZXN0YXVyYW50WgwiCnJlc3RhdXJhbnSSAQpyZXN0YXVyYW504AEA!16s%2Fg%2F11fkyq9xlb?entry=ttu&g_ep=EgoyMDI2MDQxNC4wIKXMDSoASAFQAw%3D%3D",Closed · Opens 7 AM Sat 
Arun Family Restaurant,"6284+4HM, Gumba Rd, Pokhara 33700",,,970-3860936,restaurant,Grid Search,,,28.2109633,83.9438701,"https://www.google.com/maps/place/Arun+Family+Restaurant/@28.2109633,83.9438701,15z/data=!4m11!1m3!2m2!1srestaurant!6e5!3m6!1s0x39959500176e07cd:0x88bb200eb5410ebb!8m2!3d28.2153254!4d84.0064313!15sCgpyZXN0YXVyYW50WgwiCnJlc3RhdXJhbnSSARJjaGluZXNlX3Jlc3RhdXJhbnSaASRDaGREU1VoTk1HOW5TMFZKUTBGblNVTmtiRkEyU1cxQlJSQULgAQD6AQQIABA-!16s%2Fg%2F11lcn8nl8b?entry=ttu&g_ep=EgoyMDI2MDQxNC4wIKXMDSoASAFQAw%3D%3D",Closed · Opens 10 AM Sat 
Taste Of Tibet Restaurant,"6XFP+4F8, Buddha Maarga, Pokhara 33700",,,970-7548968,restaurant,Grid Search,,,28.2153254,83.9884069,"https://www.google.com/maps/place/Taste+Of+Tibet+Restaurant/@28.2153254,83.9884069,15z/data=!4m11!1m3!2m2!1srestaurant!6e5!3m6!1s0x3995950015a8d7c1:0xe92cbf09dc6532ae!8m2!3d28.2228664!4d83.9862298!15sCgpyZXN0YXVyYW50WgwiCnJlc3RhdXJhbnSSARFmYW1pbHlfcmVzdGF1cmFudOABAA!16s%2Fg%2F11zkv0s05_?entry=ttu&g_ep=EgoyMDI2MDQxNC4wIKXMDSoASAFQAw%3D%3D",Closed · Opens 8 AM Sat 
Onion Restro & Cafe,"6X67+W2C, Pokhara 33700",,,984-6031128,restaurant,Grid Search,,,28.2062673,83.9448423,"https://www.google.com/maps/place/Onion+Restro+%26+Cafe/@28.2062673,83.9448423,15z/data=!4m11!1m3!2m2!1srestaurant!6e5!3m6!1s0x399595ae20060fd3:0x2a4b981f283ce2b5!8m2!3d28.212316!4d83.962516!15sCgpyZXN0YXVyYW50WgwiCnJlc3RhdXJhbnSSAQpyZXN0YXVyYW504AEA!16s%2Fg%2F11f5tbn9cl?entry=ttu&g_ep=EgoyMDI2MDQxNC4wIKXMDSoASAFQAw%3D%3D",Closed · Opens 8 AM Sat 
CHEAP AND BEST RESTAURANT &BAR,"6X46+GQ3, Lakeside Rd, Pokhara 33700",,,980-3391170,restaurant,Grid Search,,,28.2062673,83.9448423,"https://www.google.com/maps/place/CHEAP+AND+BEST+RESTAURANT+%26BAR/@28.2062673,83.9448423,15z/data=!4m11!1m3!2m2!1srestaurant!6e5!3m6!1s0x3995951b6de5e5c1:0xed2f051b90cdbc97!8m2!3d28.2062606!4d83.9619357!15sCgpyZXN0YXVyYW50WgwiCnJlc3RhdXJhbnSSAQpyZXN0YXVyYW50mgEkQ2hkRFNVaE5NRzluUzBWSlEwRm5UVVJKYjJGaVlUWkJSUkFC4AEA-gEECFkQPA!16s%2Fg%2F11gbl2vgzs?entry=ttu&g_ep=EgoyMDI2MDQxNC4wIKXMDSoASAFQAw%3D%3D",Closed · Opens 7 AM Sat 
Lake City Restaurant And Bhanchha Ghar,"6X3F+366, Rastra Bank Rd, Pokhara 33700",,,984-6030507,restaurant,Grid Search,,,28.2062673,83.9448423,"https://www.google.com/maps/place/Lake+City+Restaurant+And+Bhanchha+Ghar/@28.2062673,83.9448423,15z/data=!4m11!1m3!2m2!1srestaurant!6e5!3m6!1s0x399595a94c5f0a49:0x8fe310b57726e1fd!8m2!3d28.2026556!4d83.9730285!15sCgpyZXN0YXVyYW50WgwiCnJlc3RhdXJhbnSSAQpyZXN0YXVyYW50mgEkQ2hkRFNVaE5NRzluUzBWSlEwRm5TVU42T1RjdFFuTlJSUkFC4AEA-gEFCNAOEEU!16s%2Fg%2F11rn4pmv9w?entry=ttu&g_ep=EgoyMDI2MDQxNC4wIKXMDSoASAFQAw%3D%3D",Closed · Opens 10 AM Sat 
Rose and Crown Restaurant & Bar,"6X7G+WGC, Pokhara 33700",,,061-450218,restaurant,Grid Search,,,28.2026556,83.9550041,"https://www.google.com/maps/place/Rose+and+Crown+Restaurant+%26+Bar/@28.2026556,83.9550041,15z/data=!4m11!1m3!2m2!1srestaurant!6e5!3m6!1s0x399595003133986d:0x4fe9d3a0cbedd879!8m2!3d28.2148069!4d83.9762652!15sCgpyZXN0YXVyYW50WgwiCnJlc3RhdXJhbnSSARFmYW1pbHlfcmVzdGF1cmFudJoBRENpOURRVWxSUVVOdlpFTm9kSGxqUmpsdlQyNVNSMXByV1RGYVZteEhWVmR3ZEU1VlpFZGxibFp1VWtSYWFrNUhZeEFC4AEA-gEECAAQPQ!16s%2Fg%2F11wr0b6cb5?entry=ttu&g_ep=EgoyMDI2MDQxNC4wIKXMDSoASAFQAw%3D%3D",Closed · Opens 8 AM Sat 
ROJI MOMO RESTAURANT,"6X5P+R6P, Pokhara 33700",,,,restaurant,Grid Search,,,28.2148069,83.9582408,"https://www.google.com/maps/place/ROJI+MOMO+RESTAURANT/@28.2148069,83.9582408,15z/data=!4m11!1m3!2m2!1srestaurant!6e5!3m6!1s0x399595003dc5c9f9:0x67ff629afb340c4e!8m2!3d28.2095831!4d83.9855674!15sCgpyZXN0YXVyYW50WgwiCnJlc3RhdXJhbnSSAQpyZXN0YXVyYW504AEA!16s%2Fg%2F11wp53kt8s?entry=ttu&g_ep=EgoyMDI2MDQxNC4wIKXMDSoASAFQAw%3D%3D",Closed · Opens 5 AM Sat 
The Soaltee Restaurant,"5XXF+FX8, Pokhara 33700",,,061-463457,restaurant,Grid Search,,,28.2095831,83.967543,"https://www.google.com/maps/place/The+Soaltee+Restaurant/@28.2095831,83.967543,15z/data=!4m11!1m3!2m2!1srestaurant!6e5!3m6!1s0x399595a77e6b8011:0x1378adf3f7551c48!8m2!3d28.1986555!4d83.9749468!15sCgpyZXN0YXVyYW50WgwiCnJlc3RhdXJhbnSSAQpyZXN0YXVyYW50mgEjQ2haRFNVaE5NRzluUzBWSlEwRm5TVVIxTVZwMlMwNW5FQUXgAQD6AQQIJxAe!16s%2Fg%2F1ptzdlygm?entry=ttu&g_ep=EgoyMDI2MDQxNC4wIKXMDSoASAFQAw%3D%3D",Closed · Opens 6 AM Sat 
Baral Brothers Restaurant,"6X7F+C2G, Pokhara 33700",,,061-576290,restaurant,Grid Search,,,28.213561,83.9545583,"https://www.google.com/maps/place/Baral+Brothers+Restaurant/@28.213561,83.9545583,15z/data=!4m11!1m3!2m2!1srestaurant!6e5!3m6!1s0x399595002764b93d:0xbda590e946460a07!8m2!3d28.213561!4d83.9725827!15sCgpyZXN0YXVyYW50WgwiCnJlc3RhdXJhbnSSAQpyZXN0YXVyYW50mgEjQ2haRFNVaE5NRzluUzBWSlEwRm5TVVJvZEhaeFgwRjNFQUXgAQD6AQQIABA3!16s%2Fg%2F11g8tzb149?entry=ttu&g_ep=EgoyMDI2MDQxNC4wIKXMDSoASAFQAw%3D%3D",Closed · Opens 8 AM Sat 
iBlues Restro,"Nayabazar Rd, Pokhara 33700",,,061-544639,restaurant,Grid Search,,,28.213561,83.9545583,"https://www.google.com/maps/place/iBlues+Restro/@28.213561,83.9545583,15z/data=!4m11!1m3!2m2!1srestaurant!6e5!3m6!1s0x399595b330825cc3:0x679310fc612cf326!8m2!3d28.2136792!4d83.9885982!15sCgpyZXN0YXVyYW50WgwiCnJlc3RhdXJhbnSSARhtb2Rlcm5faW5kaWFuX3Jlc3RhdXJhbnSaASNDaFpEU1VoTk1HOW5TMFZKUTBGblNVUmxNVXBoUjBObkVBReABAPoBBAgAEDA!16s%2Fg%2F11fy4t438d?entry=ttu&g_ep=EgoyMDI2MDQxNC4wIKXMDSoASAFQAw%3D%3D",Closed · Opens 10 AM Sat 
iBlues Restro,"Nayabazar Rd, Pokhara 33700",,,984-6642778,restaurant,Grid Search,,,28.2136792,83.9705738,"https://www.google.com/maps/place/Happyland+Garnish+Restaurant/@28.2136792,83.9705738,15z/data=!4m11!1m3!2m2!1srestaurant!6e5!3m6!1s0x399595a62762ec07:0x1e795b28a8804bc0!8m2!3d28.2122276!4d83.9711809!15sCgpyZXN0YXVyYW50WgwiCnJlc3RhdXJhbnSSAQpyZXN0YXVyYW50mgEjQ2haRFNVaE5NRzluUzBWSlEwRm5TVU53ZWt3MlJsTlJFQUXgAQD6AQQIABAS!16s%2Fg%2F11f76bd2bw?entry=ttu&g_ep=EgoyMDI2MDQxNC4wIKXMDSoASAFQAw%3D%3D",Closed · Opens 7 AM Sat 
Happyland Garnish Restaurant,"6X6C+VFV, Pokhara 33700",,,984-6642778,restaurant,Grid Search,,,28.2122276,83.9531565,"https://www.google.com/maps/place/Happyland+Garnish+Restaurant/@28.2122276,83.9531565,15z/data=!4m11!1m3!2m2!1srestaurant!6e5!3m6!1s0x399595a62762ec07:0x1e795b28a8804bc0!8m2!3d28.2122276!4d83.9711809!15sCgpyZXN0YXVyYW50WgwiCnJlc3RhdXJhbnSSAQpyZXN0YXVyYW50mgEjQ2haRFNVaE5NRzluUzBWSlEwRm5TVU53ZWt3MlJsTlJFQUXgAQD6AQQIABAS!16s%2Fg%2F11f76bd2bw?entry=ttu&g_ep=EgoyMDI2MDQxNC4wIKXMDSoASAFQAw%3D%3D",Closed · Opens 7 AM Sat 
KANUNG LANGHALI RESTAURANT,"5XWC+Q2X, Pokhara 33700",,,986-3777307,restaurant,Grid Search,,,28.2122276,83.9531565,"https://www.google.com/maps/place/KANUNG+LANGHALI+RESTAURANT/@28.2122276,83.9531565,15z/data=!4m11!1m3!2m2!1srestaurant!6e5!3m6!1s0x399595b393e41de7:0x51f57257c8ae6cc!8m2!3d28.1969782!4d83.9701179!15sCgpyZXN0YXVyYW50WgwiCnJlc3RhdXJhbnSSAQpyZXN0YXVyYW50mgFEQ2k5RFFVbFJRVU52WkVOb2RIbGpSamx2VDJwTk1HUXhWbkJXTTFaMVVWZHNVVkZUTUhSbFdGb3lZbnBrYzFwVlJSQULgAQD6AQQIABBE!16s%2Fg%2F11l6f67btx?entry=ttu&g_ep=EgoyMDI2MDQxNC4wIKXMDSoASAFQAw%3D%3D",Closed · Opens 11 AM Sat 
Jk'S food corner n restaurant,"Sirjana chowk-8, Rastra Bank Rd, Pokhara 33700",,,981-3414175,restaurant,Grid Search,,,28.1969782,83.9520935,"https://www.google.com/maps/place/Jk'S+food+corner+n+restaurant/@28.1969782,83.9520935,15z/data=!4m11!1m3!2m2!1srestaurant!6e5!3m6!1s0x399595643a4d2a17:0x4c024691de47cfed!8m2!3d28.2104356!4d83.9800156!15sCgpyZXN0YXVyYW50WgwiCnJlc3RhdXJhbnSSAQpyZXN0YXVyYW504AEA!16s%2Fg%2F11sg83qc97?entry=ttu&g_ep=EgoyMDI2MDQxNC4wIKXMDSoASAFQAw%3D%3D",Closed · Opens 8 AM Sat 
Genz cafe restaurant n bar,"Prithivi chok, Pokhara 33700",,,976-8008700,restaurant,Grid Search,,,28.2226325,83.9686501,"https://www.google.com/maps/place/Genz+cafe+restaurant+n+bar/@28.2226325,83.9686501,15z/data=!4m11!1m3!2m2!1srestaurant!6e5!3m6!1s0x3995950009a468b9:0xaf9eaf1f7e9f042!8m2!3d28.2092792!4d83.9851523!15sCgpyZXN0YXVyYW50WgwiCnJlc3RhdXJhbnSSAQpyZXN0YXVyYW504AEA!16s%2Fg%2F11n9sq2mn8?entry=ttu&g_ep=EgoyMDI2MDQxNC4wIKXMDSoASAFQAw%3D%3D",Closed · Opens 7 AM Sat 
Genz cafe and restaurant,"prithivi chowk, Pokhara 33700",,,976-8008700,restaurant,Grid Search,,,28.2072644,83.9592591,"https://www.google.com/maps/place/Genz+cafe+and+restaurant/@28.2072644,83.9592591,15z/data=!4m11!1m3!2m2!1srestaurant!6e5!3m6!1s0x39959522505a4cd7:0x378dcc68eda84f23!8m2!3d28.2092761!4d83.9851521!15sCgpyZXN0YXVyYW50WgwiCnJlc3RhdXJhbnSSAQpyZXN0YXVyYW50mgFEQ2k5RFFVbFJRVU52WkVOb2RIbGpSamx2VDJwb1RGcElhRWxoTURWNVlrVk9ObGRyUmpCWU1IaDZUVEozTW1GRlJSQULgAQD6AQQIABAX!16s%2Fg%2F11n4pzvxhb?entry=ttu&g_ep=EgoyMDI2MDQxNC4wIKXMDSoASAFQAw%3D%3D",Closed · Opens 7:05 AM Sat 
Foodhouse restaurant,"6266+CP7, Pokhara 33700",,,,restaurant,Grid Search,,,28.2072644,83.9592591,"https://www.google.com/maps/place/Foodhouse+restaurant/@28.2072644,83.9592591,15z/data=!4m11!1m3!2m2!1srestaurant!6e5!3m6!1s0x3995951094d5d487:0x9a4d8d7d9adaf16b!8m2!3d28.2110311!4d84.0118061!15sCgpyZXN0YXVyYW50WgwiCnJlc3RhdXJhbnSSAQpyZXN0YXVyYW504AEA!16s%2Fg%2F11gr404_ts?entry=ttu&g_ep=EgoyMDI2MDQxNC4wIKXMDSoASAFQAw%3D%3D",Closed · Opens 7 AM Sat 
Cristina Family Restaurant,"6275+JV6, Pokhara 33700",,,982-4113415,restaurant,Grid Search,,,28.2110311,83.9937817,"https://www.google.com/maps/place/Cristina+Family+Restaurant/@28.2110311,83.9937817,15z/data=!4m11!1m3!2m2!1srestaurant!6e5!3m6!1s0x399595cd41cfe297:0xe6eb67a20883cfa4!8m2!3d28.2140363!4d84.009637!15sCgpyZXN0YXVyYW50WgwiCnJlc3RhdXJhbnSSARFmYW1pbHlfcmVzdGF1cmFudOABAA!16s%2Fg%2F11nfw450sc?entry=ttu&g_ep=EgoyMDI2MDQxNC4wIKXMDSoASAFQAw%3D%3D",Open 24 hours 
Thicheko Aalu & Dolphin Restaurant,"Buddha chowk-10, Pokhara 33700",,,982-7120224,restaurant,Grid Search,,,28.2080346,83.9700341,"https://www.google.com/maps/place/Sonlove+Restaurant+(Famous+Thicheko+Aaloo)/@28.2080346,83.9700341,15z/data=!4m11!1m3!2m2!1srestaurant!6e5!3m6!1s0x399595a362d11a8d:0xd0b179da52bdf3ca!8m2!3d28.206597!4d83.9941845!15sCgpyZXN0YXVyYW50WgwiCnJlc3RhdXJhbnSSAQpyZXN0YXVyYW50mgEkQ2hkRFNVaE5NRzluUzBWSlEwRm5TVU5mZDNSVVFtOW5SUkFC4AEA-gEECDIQJg!16s%2Fg%2F11h3f1z_31?entry=ttu&g_ep=EgoyMDI2MDQxNC4wIKXMDSoASAFQAw%3D%3D",Closed · Opens 8 AM Sat 
Sonlove Restaurant (Famous Thicheko Aaloo),"Buddha chowk-10, Pokhara 33700",,,982-7120224,restaurant,Grid Search,,,28.2080346,83.9700341,"https://www.google.com/maps/place/Sonlove+Restaurant+(Famous+Thicheko+Aaloo)/@28.2080346,83.9700341,15z/data=!4m11!1m3!2m2!1srestaurant!6e5!3m6!1s0x399595a362d11a8d:0xd0b179da52bdf3ca!8m2!3d28.206597!4d83.9941845!15sCgpyZXN0YXVyYW50WgwiCnJlc3RhdXJhbnSSAQpyZXN0YXVyYW50mgEkQ2hkRFNVaE5NRzluUzBWSlEwRm5TVU5mZDNSVVFtOW5SUkFC4AEA-gEECDIQJg!16s%2Fg%2F11h3f1z_31?entry=ttu&g_ep=EgoyMDI2MDQxNC4wIKXMDSoASAFQAw%3D%3D",Closed · Opens 8 AM Sat 
Chimeki Restaurant,"6254+XXH, Unnamed Road, Pokhara 33700",,,980-5879720,restaurant,Grid Search,,,28.2080346,83.9700341,"https://www.google.com/maps/place/Chimeki+Restaurant/@28.2080346,83.9700341,15z/data=!4m11!1m3!2m2!1srestaurant!6e5!3m6!1s0x399595c28c9ebb65:0x1d1b07f429d56178!8m2!3d28.2099271!4d84.0074936!15sCgpyZXN0YXVyYW50WgwiCnJlc3RhdXJhbnSSAQpyZXN0YXVyYW504AEA!16s%2Fg%2F11fks29c0w?entry=ttu&g_ep=EgoyMDI2MDQxNC4wIKXMDSoASAFQAw%3D%3D",Closed · Opens 9 AM Sat 
The Himalayan Restaurant And Bar,"Amarsingh chowk, Kamana Marga, Pokhara 33700",,,061-591522,restaurant,Grid Search,,,28.2099271,83.9894692,"https://www.google.com/maps/place/The+Himalayan+Restaurant+And+Bar/@28.2099271,83.9894692,15z/data=!4m11!1m3!2m2!1srestaurant!6e5!3m6!1s0x399595e8e6edcfc5:0x1653127d98ab5268!8m2!3d28.2046485!4d83.9994626!15sCgpyZXN0YXVyYW50WgwiCnJlc3RhdXJhbnSSAQpyZXN0YXVyYW50mgEjQ2haRFNVaE5NRzluUzBWSlEwRm5TVU0xZEVwaGVXUjNFQUXgAQD6AQQIABAx!16s%2Fg%2F11sv_5x1td?entry=ttu&g_ep=EgoyMDI2MDQxNC4wIKXMDSoASAFQAw%3D%3D",Closed · Opens 7 AM Sat 
Royal Crown Cafe and Restaurant,"6X4G+72J, Pokhara-Baglung Hwy, Pokhara 33700",,,981-6190199,restaurant,Grid Search,,,28.2099271,83.9894692,"https://www.google.com/maps/place/Royal+Crown+Cafe+and+Restaurant/@28.2099271,83.9894692,15z/data=!4m11!1m3!2m2!1srestaurant!6e5!3m6!1s0x399595561106a82b:0x6b85556491ceac7e!8m2!3d28.2057143!4d83.9750286!15sCgpyZXN0YXVyYW50WgwiCnJlc3RhdXJhbnSSAQpyZXN0YXVyYW50mgEkQ2hkRFNVaE5NRzluUzBWSlEwRm5TVU40T0ZsRVJISjNSUkFC4AEA-gEECAAQJg!16s%2Fg%2F11sgvc4zhr?entry=ttu&g_ep=EgoyMDI2MDQxNC4wIKXMDSoASAFQAw%3D%3D",Closed · Opens 7 AM Sat 
The Cutting Tea Restaurant,Pokhara 37000,,,976-8022554,restaurant,Grid Search,,,28.2057143,83.9570042,"https://www.google.com/maps/place/The+Cutting+Tea+Restaurant/@28.2057143,83.9570042,15z/data=!4m11!1m3!2m2!1srestaurant!6e5!3m6!1s0x3995957347bffde9:0x4f8a3b58b59d7654!8m2!3d28.2067003!4d83.9795164!15sCgpyZXN0YXVyYW50WgwiCnJlc3RhdXJhbnSSAQpyZXN0YXVyYW50mgFEQ2k5RFFVbFJRVU52WkVOb2RIbGpSamx2VDJwQ1NGVnNXalpYUm1Sd1ZrVXhWVTFHYUZkWU1rcDZVbXBDVmxWR1JSQULgAQD6AQQIIRAg!16s%2Fg%2F11ythk39f5?entry=ttu&g_ep=EgoyMDI2MDQxNC4wIKXMDSoASAFQAw%3D%3D",Closed · Opens 7 AM Sat 
Atoz restaurant,"6X6P+6PR, Pokhara 33700",,,061-550260,restaurant,Grid Search,,,28.2057143,83.9570042,"https://www.google.com/maps/place/Atoz+restaurant/@28.2057143,83.9570042,15z/data=!4m11!1m3!2m2!1srestaurant!6e5!3m6!1s0x399595110479fcb1:0x5b467184fb2ae948!8m2!3d28.2106234!4d83.9867695!15sCgpyZXN0YXVyYW50WgwiCnJlc3RhdXJhbnSSAQpyZXN0YXVyYW504AEA!16s%2Fg%2F11m2dwhbck?entry=ttu&g_ep=EgoyMDI2MDQxNC4wIKXMDSoASAFQAw%3D%3D",Closed · Opens 8 AM Sat 
Neem's Food & Restaurant,"6X9H+P25, Santi Marg, Pokhara 33700",,,,restaurant,Grid Search,,,28.2106234,83.9687451,"https://www.google.com/maps/place/Neem's+Food+%26+Restaurant/@28.2106234,83.9687451,15z/data=!4m11!1m3!2m2!1srestaurant!6e5!3m6!1s0x399595ca3ab22a5b:0x3697e2578fbe431a!8m2!3d28.2192584!4d83.977611!15sCgpyZXN0YXVyYW50WgwiCnJlc3RhdXJhbnSSAQpyZXN0YXVyYW50mgEkQ2hkRFNVaE5NRzluUzBWSlEwRm5TVVJDY1RSMVF6TkJSUkFC4AEA-gEFCJ0BECw!16s%2Fg%2F11fltrd1n0?entry=ttu&g_ep=EgoyMDI2MDQxNC4wIKXMDSoASAFQAw%3D%3D",Closed · Opens 7 AM Sat 
Gaughar eco Restaurant,"6X7H+4QP, Srijana chok, Pokhara 33700",,,061-543385,restaurant,Grid Search,,,28.2106234,83.9687451,"https://www.google.com/maps/place/Gaughar+eco+Restaurant/@28.2106234,83.9687451,15z/data=!4m11!1m3!2m2!1srestaurant!6e5!3m6!1s0x3995950bfc76be67:0x7492048ec2e9e5de!8m2!3d28.2128275!4d83.9794654!15sCgpyZXN0YXVyYW50WgwiCnJlc3RhdXJhbnSSAQpyZXN0YXVyYW50mgEjQ2haRFNVaE5NRzluUzBWSlEwRm5TVVJXTjA1UFVraG5FQUXgAQD6AQQIABAr!16s%2Fg%2F11js2r_rkh?entry=ttu&g_ep=EgoyMDI2MDQxNC4wIKXMDSoASAFQAw%3D%3D",Closed · Opens 8 AM Sat 
Gurung cottage (majheri restaurant and bar),"6252+WWH, Pokhara 33700",,,976-6614999,restaurant,Grid Search,,,28.2222723,83.9730479,"https://www.google.com/maps/place/Gurung+cottage+(majheri+restaurant+and+bar)/@28.2222723,83.9730479,15z/data=!4m11!1m3!2m2!1srestaurant!6e5!3m6!1s0x399595b6ef389afb:0xfe5add85a8545bfb!8m2!3d28.2098429!4d84.0023497!15sCgpyZXN0YXVyYW50WgwiCnJlc3RhdXJhbnSSARNiYXJiZWN1ZV9yZXN0YXVyYW50mgEkQ2hkRFNVaE5NRzluUzBWSlEwRm5TVU55YW5aeGFEZEJSUkFC4AEA-gEECAAQGg!16s%2Fg%2F11vcnm11vm?entry=ttu&g_ep=EgoyMDI2MDQxNC4wIKXMDSoASAFQAw%3D%3D",
Shreejan cafe and restaurant,"Kalika secondary school, Pokhara 33700",,,981-3040481,restaurant,Grid Search,,,28.2017045,83.9812078,"https://www.google.com/maps/place/Shreejan+cafe+and+restaurant/@28.2017045,83.9812078,15z/data=!4m11!1m3!2m2!1srestaurant!6e5!3m6!1s0x39959500280b3b59:0xfb9982e4da9895f6!8m2!3d28.2017045!4d83.9992322!15sCgpyZXN0YXVyYW50WgwiCnJlc3RhdXJhbnSSAQpyZXN0YXVyYW504AEA!16s%2Fg%2F11ldtdyq93?entry=ttu&g_ep=EgoyMDI2MDQxNC4wIKXMDSoASAFQAw%3D%3D",Closed · Opens 1 AM Sat 
Deurali Restaurant,"6XCM+HP6, Pokhara 33700",,,980-7020210,restaurant,Grid Search,,,28.1986464,83.9969494,"https://www.google.com/maps/place/Deurali+Restaurant/@28.1986464,83.9969494,15z/data=!4m11!1m3!2m2!1srestaurant!6e5!3m6!1s0x399595d74b7e2f25:0x5c19ebb0f443ae13!8m2!3d28.2214118!4d83.9842528!15sCgpyZXN0YXVyYW50WgwiCnJlc3RhdXJhbnSSAQpyZXN0YXVyYW50mgEkQ2hkRFNVaE5NRzluUzBWSlEwRm5UVU5SZUZwUVVuWkJSUkFC4AEA-gEECAAQKQ!16s%2Fg%2F11y2h34027?entry=ttu&g_ep=EgoyMDI2MDQxNC4wIKXMDSoASAFQAw%3D%3D",
Pali cottage halal restaurant and cafe,"6255+JXF, Pokhara 33700",,,982-6076209,restaurant,Grid Search,,,28.2214118,83.9662284,"https://www.google.com/maps/place/Pali+cottage+halal+restaurant+and+cafe/@28.2214118,83.9662284,15z/data=!4m11!1m3!2m2!1srestaurant!6e5!3m6!1s0x399595006ec0393b:0x516a0df1e9d66218!8m2!3d28.2090524!4d84.0099101!15sCgpyZXN0YXVyYW50WgwiCnJlc3RhdXJhbnSSAQpyZXN0YXVyYW50mgEkQ2hkRFNVaE5NRzluUzBWSlEwRm5TVU42YmpocU0yNTNSUkFC4AEA-gEECAAQFQ!16s%2Fg%2F11y591zjqm?entry=ttu&g_ep=EgoyMDI2MDQxNC4wIKXMDSoASAFQAw%3D%3D",Closed · Opens 6 PM Sat 
Bharati Cafe & Restaurant,"6XCH+98R, Pokhara-Baglung Hwy, Pokhara 33700",,,,restaurant,Grid Search,,,28.2026556,83.9550041,"https://www.google.com/maps/place/Bharati+Cafe+%26+Restaurant/@28.2026556,83.9550041,15z/data=!4m11!1m3!2m2!1srestaurant!6e5!3m6!1s0x3995950046b3d50b:0xc6b328d75cfdcfad!8m2!3d28.2209598!4d83.9782879!15sCgpyZXN0YXVyYW50WgwiCnJlc3RhdXJhbnSSARJjaGluZXNlX3Jlc3RhdXJhbnTgAQA!16s%2Fg%2F11yg3hgl_r?entry=ttu&g_ep=EgoyMDI2MDQxNC4wIKXMDSoASAFQAw%3D%3D",Closed · Opens 6:30 PM Sat 
Ashish Restaurant and Snooker House,"6X7F+FG3, Pokhara 33700",,,980-6662032,restaurant,Grid Search,,,28.2209598,83.9602635,"https://www.google.com/maps/place/Ashish+Restaurant+and+Snooker+House/@28.2209598,83.9602635,15z/data=!4m11!1m3!2m2!1srestaurant!6e5!3m6!1s0x399595b2fee73839:0x3118489f6d1c3274!8m2!3d28.2136441!4d83.9737841!15sCgpyZXN0YXVyYW50WgwiCnJlc3RhdXJhbnSSAQpyZXN0YXVyYW50mgEjQ2haRFNVaE5NRzluUzBWSlEwRm5TVU5hTkY4dFZrbFJFQUXgAQD6AQUI-gIQRw!16s%2Fg%2F11mjxxbh4s?entry=ttu&g_ep=EgoyMDI2MDQxNC4wIKXMDSoASAFQAw%3D%3D",Closed · Opens 9 AM Sat 
Saggu Tibetan Restaurant,"Srijana Chowk, Pokhara 33700",,,980-8040109,restaurant,Grid Search,,,28.2119408,83.9688657,"https://www.google.com/maps/place/Saggu+Tibetan+Restaurant/@28.2119408,83.9688657,15z/data=!4m11!1m3!2m2!1srestaurant!6e5!3m6!1s0x3995954de9917281:0x304d084f83450a3f!8m2!3d28.2097144!4d83.9799052!15sCgpyZXN0YXVyYW50WgwiCnJlc3RhdXJhbnSSAQpyZXN0YXVyYW50mgFEQ2k5RFFVbFJRVU52WkVOb2RIbGpSamx2VDIxd1dGZHJPVWhhTW5CcFRsZDBOR1JyUmpCamFUQjVaVmRvVG1WVlJSQULgAQD6AQQIABAd!16s%2Fg%2F11v0rkh91g?entry=ttu&g_ep=EgoyMDI2MDQxNC4wIKXMDSoASAFQAw%3D%3D",Closed · Opens 9 AM Sat 
Pachabhaiya Restaurant,"6226+7J5, Unnamed Road, Pokhara 33700",,,985-6057257,restaurant,Grid Search,,,28.2119408,83.9688657,"https://www.google.com/maps/place/Pachabhaiya+Restaurant/@28.2119408,83.9688657,15z/data=!4m11!1m3!2m2!1srestaurant!6e5!3m6!1s0x3995958ef25a2751:0xd59b44507c155b75!8m2!3d28.2006322!4d84.0116173!15sCgpyZXN0YXVyYW50WgwiCnJlc3RhdXJhbnSSAQpyZXN0YXVyYW50mgEkQ2hkRFNVaE5NRzluUzBWSlEwRm5UVVIzY25KMmNqQkJSUkFC4AEA-gEECAAQSw!16s%2Fg%2F11h7c72nf5?entry=ttu&g_ep=EgoyMDI2MDQxNC4wIKXMDSoASAFQAw%3D%3D",Closed · Opens 6 AM Sat 
Lafa de kitchen restaurant,"12 Bhadrakali marga, Pokhara 33700",,,984-6112554,restaurant,Grid Search,,,28.2006322,83.9935929,"https://www.google.com/maps/place/Lafa+de+kitchen+restaurant/@28.2006322,83.9935929,15z/data=!4m11!1m3!2m2!1srestaurant!6e5!3m6!1s0x399595a41d1057a9:0xf0de1ab1c70de3d1!8m2!3d28.2114589!4d84.0027361!15sCgpyZXN0YXVyYW50WgwiCnJlc3RhdXJhbnSSARFmYW1pbHlfcmVzdGF1cmFudOABAA!16s%2Fg%2F11k3xkw5pb?entry=ttu&g_ep=EgoyMDI2MDQxNC4wIKXMDSoASAFQAw%3D%3D",Closed · Opens 6 AM Sat 
Bar Pipal Bhanchha Ghar & Restaurant,"5XXG+44X, Pokhara 33700",,,984-0856050,restaurant,Grid Search,,,28.2006322,83.9935929,"https://www.google.com/maps/place/Bar+Pipal+Bhanchha+Ghar+%26+Restaurant/@28.2006322,83.9935929,15z/data=!4m11!1m3!2m2!1srestaurant!6e5!3m6!1s0x399595004b4dd0f9:0xc128734251349b2d!8m2!3d28.1978548!4d83.9753389!15sCgpyZXN0YXVyYW50WgwiCnJlc3RhdXJhbnSSAQpyZXN0YXVyYW504AEA!16s%2Fg%2F11xfkgmp8t?entry=ttu&g_ep=EgoyMDI2MDQxNC4wIKXMDSoASAFQAw%3D%3D",
Ice Break Restaurant & Bar,Pokhara 33700,,,061-581096,restaurant,Grid Search,,,28.1978548,83.9573145,"https://www.google.com/maps/place/Ice+Break+Restaurant+%26+Bar/@28.1978548,83.9573145,15z/data=!4m11!1m3!2m2!1srestaurant!6e5!3m6!1s0x399595b42d2a4f11:0xe383dbf98ffd0c1a!8m2!3d28.2060757!4d83.9824405!15sCgpyZXN0YXVyYW50WgwiCnJlc3RhdXJhbnSSARFmYW1pbHlfcmVzdGF1cmFudOABAA!16s%2Fg%2F11r7x_p_d0?entry=ttu&g_ep=EgoyMDI2MDQxNC4wIKXMDSoASAFQAw%3D%3D",Closed · Opens 8:45 AM Sat 
Pokhara Station,"5 Nayabazar Rd, Pokhara 33700",,,061-539072,restaurant,Grid Search,,,28.2097585,83.9679102,"https://www.google.com/maps/place/Pokhara+Station/@28.2097585,83.9679102,15z/data=!4m11!1m3!2m2!1srestaurant!6e5!3m6!1s0x399595b2130d4647:0xeacfcae053d6cea9!8m2!3d28.2097585!4d83.9859346!15sCgpyZXN0YXVyYW50WgwiCnJlc3RhdXJhbnSSAQpyZXN0YXVyYW50mgEjQ2haRFNVaE5NRzluUzBWSlEwRm5TVU01Y21VeWRsWjNFQUXgAQD6AQQIABAi!16s%2Fg%2F11fxb95wjw?entry=ttu&g_ep=EgoyMDI2MDQxNC4wIKXMDSoASAFQAw%3D%3D",Closed · Opens 8 AM Sat 
Food Bank Restro & Bar,"New Rd, Pokhara 33700",foodbank.com.np,https://www.foodbank.com.np,061-585370,restaurant,Grid Search,,,28.2097585,83.9679102,"https://www.google.com/maps/place/Food+Bank+Restro+%26+Bar/@28.2097585,83.9679102,15z/data=!4m11!1m3!2m2!1srestaurant!6e5!3m6!1s0x3995944dc6f1ca4b:0xeeb070d5cb41d229!8m2!3d28.2188421!4d83.9868475!15sCgpyZXN0YXVyYW50WgwiCnJlc3RhdXJhbnSSAQpyZXN0YXVyYW50mgEjQ2haRFNVaE5NRzluUzBWSlEwRm5TVVJFYTBwNU5FbG5FQUXgAQD6AQQIFBA3!16s%2Fg%2F11gg73qd4f?entry=ttu&g_ep=EgoyMDI2MDQxNC4wIKXMDSoASAFQAw%3D%3D",Closed · Opens 7 AM Sat 
Ganga Mo:Mo: Restaurant,"6X5P+M8X, H04, Pokhara 33700",,,061-528129,restaurant,Grid Search,,,28.2097585,83.9679102,"https://www.google.com/maps/place/Ganga+Mo:Mo:+Restaurant/@28.2097585,83.9679102,15z/data=!4m11!1m3!2m2!1srestaurant!6e5!3m6!1s0x399595b211bd1a83:0x6e0448208e5785b9!8m2!3d28.2092461!4d83.9858588!15sCgpyZXN0YXVyYW50WgwiCnJlc3RhdXJhbnSSAQpyZXN0YXVyYW504AEA!16s%2Fg%2F11h9s0_47m?entry=ttu&g_ep=EgoyMDI2MDQxNC4wIKXMDSoASAFQAw%3D%3D",
Teazy Restaurant and Cafe,"near, national stadium, Indra marga, Pokhara 33700",,,981-4862686,restaurant,Grid Search,,,28.2097585,83.9679102,"https://www.google.com/maps/place/Teazy+Restaurant+and+Cafe/@28.2097585,83.9679102,15z/data=!4m11!1m3!2m2!1srestaurant!6e5!3m6!1s0x39959500609ebb05:0x1ac89e42c4e9af73!8m2!3d28.2047837!4d83.9932932!15sCgpyZXN0YXVyYW50WgwiCnJlc3RhdXJhbnSSAQpyZXN0YXVyYW50mgFEQ2k5RFFVbFJRVU52WkVOb2RIbGpSamx2VDJ4d2QxbHFUbGhaYkVKMVpGWm9UVmxXYkVKVGF6VlBZbGhDYjFaV1JSQULgAQD6AQQIOBBK!16s%2Fg%2F11xcl0zyjk?entry=ttu&g_ep=EgoyMDI2MDQxNC4wIKXMDSoASAFQAw%3D%3D",Closed · Opens 7 AM Sat 
Sonu Momo Restaurant,"6X5M+FGX, Pokhara 33700",,,,restaurant,Grid Search,,,28.2097585,83.9679102,"https://www.google.com/maps/place/Sonu+Momo+Restaurant/@28.2097585,83.9679102,15z/data=!4m11!1m3!2m2!1srestaurant!6e5!3m6!1s0x3995954fbc7373cf:0x140369bde1c09b45!8m2!3d28.2087427!4d83.9838443!15sCgpyZXN0YXVyYW50WgwiCnJlc3RhdXJhbnSSAQpyZXN0YXVyYW504AEA!16s%2Fg%2F11pb15ptj1?entry=ttu&g_ep=EgoyMDI2MDQxNC4wIKXMDSoASAFQAw%3D%3D",Closed · Opens 7 AM Sat 
Genz cafe restaurant n bar,"Prithivi chok, Pokhara 33700",,,,restaurant,Grid Search,,,28.2097585,83.9679102,"https://www.google.com/maps/place/Genz+cafe+restaurant+n+bar/@28.2097585,83.9679102,15z/data=!4m11!1m3!2m2!1srestaurant!6e5!3m6!1s0x3995950053f78cfb:0x6984a610236bc788!8m2!3d28.2093131!4d83.9851797!15sCgpyZXN0YXVyYW50kgEKcmVzdGF1cmFudOABAA!16s%2Fg%2F11n9x8_8lr?entry=ttu&g_ep=EgoyMDI2MDQxNC4wIKXMDSoASAFQAw%3D%3D",
Cocojus Restaurant,"6X6J+PVJ, Srijana Chowk, Pokhara",,,061-571503,restaurant,Grid Search,,,28.2097585,83.9679102,"https://www.google.com/maps/place/Cocojus+Restaurant/@28.2097585,83.9679102,15z/data=!4m11!1m3!2m2!1srestaurant!6e5!3m6!1s0x3995951a69465107:0x354816c5185c93e3!8m2!3d28.2118351!4d83.9821258!15sCgpyZXN0YXVyYW50WgwiCnJlc3RhdXJhbnSSAQpyZXN0YXVyYW50mgEkQ2hkRFNVaE5NRzluUzBWSlEwRm5TVVF5Y25aeVNIaG5SUkFC4AEA-gEECDEQFw!16s%2Fg%2F11g03_c5rq?entry=ttu&g_ep=EgoyMDI2MDQxNC4wIKXMDSoASAFQAw%3D%3D",Closed · Opens 7 AM Sat 
Variety Food Cafe & Restaurant,"Prithivi chowk, Pokhara 33700",,,985-6032284,restaurant,Grid Search,,,28.2097585,83.9679102,"https://www.google.com/maps/place/Variety+Food+Cafe+%26+Restaurant/@28.2097585,83.9679102,15z/data=!4m11!1m3!2m2!1srestaurant!6e5!3m6!1s0x399595e4a237cc49:0xd3142191d6982308!8m2!3d28.2090641!4d83.9844432!15sCgpyZXN0YXVyYW50WgwiCnJlc3RhdXJhbnSSAQpyZXN0YXVyYW504AEA!16s%2Fg%2F11rd9rrr0_?entry=ttu&g_ep=EgoyMDI2MDQxNC4wIKXMDSoASAFQAw%3D%3D",Closed · Opens 8 AM Sat 
Al qaswa halal restaurant,"6256+XF2, Pokhara 33700",,,,restaurant,Grid Search,,,28.2097585,83.9679102,"https://www.google.com/maps/place/Al+qaswa+halal+restaurant/@28.2097585,83.9679102,15z/data=!4m11!1m3!2m2!1srestaurant!6e5!3m6!1s0x3995950029ba19c9:0x854445f823ba4f8c!8m2!3d28.2098927!4d84.0111299!15sCgpyZXN0YXVyYW50kgEKcmVzdGF1cmFudOABAA!16s%2Fg%2F11z4th0bz5?entry=ttu&g_ep=EgoyMDI2MDQxNC4wIKXMDSoASAFQAw%3D%3D",
Open House Restro And Lounge bar,"Lakeside Rd, Pokhara 33700",openhousepokhara.com,https://www.openhousepokhara.com,061-590999,restaurant,Grid Search,,,28.2186631,83.9399757,"https://www.google.com/maps/place/Open+House+Restro+And+Lounge+bar/@28.2186631,83.9399757,15z/data=!4m11!1m3!2m2!1srestaurant!6e5!3m6!1s0x3995944f304a3ba9:0x4fa76ae625050094!8m2!3d28.2186631!4d83.9580001!15sCgpyZXN0YXVyYW50WgwiCnJlc3RhdXJhbnSSAQpyZXN0YXVyYW50mgEjQ2haRFNVaE5NRzluUzBWTE5rbHlOM2xDTjA1dVdVSjNFQUXgAQD6AQUIxwcQPg!16s%2Fg%2F11g0hmq_fv?entry=ttu&g_ep=EgoyMDI2MDQxNC4wIKXMDSoASAFQAw%3D%3D",
Chandan Tandoori Restaurant,"Chipledhunga, Siddharthachowk Pokhara, Nepal, 33700",facebook.com,https://www.facebook.com,061-581747,restaurant,Grid Search,,,28.2186631,83.9399757,"https://www.google.com/maps/place/Chandan+Tandoori+Restaurant/@28.2186631,83.9399757,15z/data=!4m11!1m3!2m2!1srestaurant!6e5!3m6!1s0x399595b4d19c24fd:0x80c310c81ccba4c5!8m2!3d28.224447!4d83.9852911!15sCgpyZXN0YXVyYW50WgwiCnJlc3RhdXJhbnSSAQpyZXN0YXVyYW504AEA!16s%2Fg%2F11gjtbpvwg?entry=ttu&g_ep=EgoyMDI2MDQxNC4wIKXMDSoASAFQAw%3D%3D",Closed · Opens 8 AM Sat 
local restaurant,"5XXW+W95, Maha Pucha Marg, Pokhara 33700",,,982-6699340,restaurant,Grid Search,,,28.224447,83.9672667,"https://www.google.com/maps/place/local+restaurant/@28.224447,83.9672667,15z/data=!4m11!1m3!2m2!1srestaurant!6e5!3m6!1s0x399595003f1ec8a1:0xebb131b5b428851b!8m2!3d28.1997524!4d83.9959514!15sCgpyZXN0YXVyYW50WgwiCnJlc3RhdXJhbnSSAQpyZXN0YXVyYW504AEA!16s%2Fg%2F11vpty9pgt?entry=ttu&g_ep=EgoyMDI2MDQxNC4wIKXMDSoASAFQAw%3D%3D",Open 24 hours 
Kasaudi Restaurant,"Simalchaur, Pokhara 33700",kasaudirestaurant.blogspot.com,https://www.kasaudirestaurant.blogspot.com,961-4970965,restaurant,Grid Search,,,28.1997524,83.977927,"https://www.google.com/maps/place/Kasaudi+Restaurant/@28.1997524,83.977927,15z/data=!4m11!1m3!2m2!1srestaurant!6e5!3m6!1s0x399595a96344dff3:0xb7ea09ab244320a5!8m2!3d28.2077887!4d83.9777804!15sCgpyZXN0YXVyYW50WgwiCnJlc3RhdXJhbnSSAQpyZXN0YXVyYW504AEA!16s%2Fg%2F11f400487d?entry=ttu&g_ep=EgoyMDI2MDQxNC4wIKXMDSoASAFQAw%3D%3D",Closed · Opens 7 AM Sat 
Aarshibad Indian Restaurant lakeside 6 pokhara,"6X5P+R6P, Pokhara 33700",,,,restaurant,Grid Search,,,28.2077887,83.959756,"https://www.google.com/maps/place/Aarshibad+Indian+Restaurant+lakeside+6+pokhara/@28.2077887,83.959756,15z/data=!4m11!1m3!2m2!1srestaurant!6e5!3m6!1s0x399595e913ed8d8f:0xbfe584b0563c47e6!8m2!3d28.2095831!4d83.9855674!15sCgpyZXN0YXVyYW50WgwiCnJlc3RhdXJhbnSSAQpyZXN0YXVyYW50mgEjQ2haRFNVaE5NRzluUzBWSlEwRm5TVVJFYlU1MVprdEJFQUXgAQD6AQQIABAN!16s%2Fg%2F11hzqgmfdf?entry=ttu&g_ep=EgoyMDI2MDQxNC4wIKXMDSoASAFQAw%3D%3D",Closed · Opens 8 AM Sat 
Sudarshan Restaurant,Pokhara 33700,,,984-1674878,restaurant,Grid Search,,,28.2127613,83.9583994,"https://www.google.com/maps/place/Sudarshan+Restaurant/@28.2127613,83.9583994,15z/data=!4m11!1m3!2m2!1srestaurant!6e5!3m6!1s0x399595000791beaf:0xa0ba8c0e55bc7300!8m2!3d28.2084536!4d83.9844332!15sCgpyZXN0YXVyYW50WgwiCnJlc3RhdXJhbnSSAQpyZXN0YXVyYW50mgEkQ2hkRFNVaE5NRzluUzBWSlEwRm5TVVJXZERkSU1UQlJSUkFC4AEA-gEECAAQKg!16s%2Fg%2F11vm5rx_8z?entry=ttu&g_ep=EgoyMDI2MDQxNC4wIKXMDSoASAFQAw%3D%3D",Open 24 hours 
Classic Restaurant,"6243+93Q, Singapore Tole, Pokhara 33700",,,981-5166767,restaurant,Grid Search,,,28.2084536,83.9664088,"https://www.google.com/maps/place/Classic+Restaurant/@28.2084536,83.9664088,15z/data=!4m11!1m3!2m2!1srestaurant!6e5!3m6!1s0x399595d7524a4d55:0x11fbb3fb216e3142!8m2!3d28.2059714!4d84.0027422!15sCgpyZXN0YXVyYW50WgwiCnJlc3RhdXJhbnSSAQpyZXN0YXVyYW504AEA!16s%2Fg%2F11lksfx7d6?entry=ttu&g_ep=EgoyMDI2MDQxNC4wIKXMDSoASAFQAw%3D%3D",Closes soon · 12 AM · Opens 6 AM Sat 
Dipa Mo:Mo Restaurant,"6X5P+5W5, Pokhara 33700",,,,restaurant,Grid Search,,,28.2059714,83.9847178,"https://www.google.com/maps/place/Dipa+Mo:Mo+Restaurant/@28.2059714,83.9847178,15z/data=!4m11!1m3!2m2!1srestaurant!6e5!3m6!1s0x399595963abaaad7:0x142b8d1e3168ab20!8m2!3d28.20789!4d83.9873722!15sCgpyZXN0YXVyYW50WgwiCnJlc3RhdXJhbnSSAQpyZXN0YXVyYW504AEA!16s%2Fg%2F11flmb0p_l?entry=ttu&g_ep=EgoyMDI2MDQxNC4wIKXMDSoASAFQAw%3D%3D",Closed · Opens 7 AM Sat 
Newa Kathmandu Restaurant,"0 k.m, Pokhara",,,061-589168,restaurant,Grid Search,,,28.20789,83.9693478,"https://www.google.com/maps/place/Newa+Kathmandu+Restaurant/@28.20789,83.9693478,15z/data=!4m11!1m3!2m2!1srestaurant!6e5!3m6!1s0x399595aac0575397:0x349739cfd0ad0384!8m2!3d28.2125211!4d83.9758746!15sCgpyZXN0YXVyYW50WgwiCnJlc3RhdXJhbnSSAQpyZXN0YXVyYW50mgEkQ2hkRFNVaE5NRzluUzBWSlEwRm5TVU5TWDB0SFpuWkJSUkFC4AEA-gEECAAQJQ!16s%2Fg%2F11hd1qslgz?entry=ttu&g_ep=EgoyMDI2MDQxNC4wIKXMDSoASAFQAw%3D%3D",Closed · Opens 7:30 AM Sat 
Bhamarkot Party Place and Restaurant,"6222+2J2, Pokhara 33700",,,,restaurant,Grid Search,,,28.2125211,83.9578502,"https://www.google.com/maps/place/Bhamarkot+Party+Place+and+Restaurant/@28.2125211,83.9578502,15z/data=!4m11!1m3!2m2!1srestaurant!6e5!3m6!1s0x399595b2cf121867:0x81371a3eddfa4cd7!8m2!3d28.2000025!4d84.0015102!15sCgpyZXN0YXVyYW50WgwiCnJlc3RhdXJhbnSSAQpyZXN0YXVyYW50mgEkQ2hkRFNVaE5NRzluUzBWSlEwRm5TVVJrZDAxbFNEZDNSUkFC4AEA-gEECAAQDw!16s%2Fg%2F11kp8j27n1?entry=ttu&g_ep=EgoyMDI2MDQxNC4wIKXMDSoASAFQAw%3D%3D",Closed · Opens 7 AM Sat 
Dailo Food Restaurant and Kimchi Sarang,"6XFQ+8CM, Pokhara 33700",facebook.com,https://www.facebook.com,980-5865076,restaurant,Grid Search,,,28.2000025,83.9834858,"https://www.google.com/maps/place/Dailo+Food+Restaurant+and+Kimchi+Sarang/@28.2000025,83.9834858,15z/data=!4m11!1m3!2m2!1srestaurant!6e5!3m6!1s0x3995957da99a05ad:0x9d1aa97387d8e359!8m2!3d28.2233391!4d83.9885497!15sCgpyZXN0YXVyYW50WgwiCnJlc3RhdXJhbnSSAQpyZXN0YXVyYW50mgEjQ2haRFNVaE5NRzluUzBWSlEwRm5TVVJ3Y0MxSVNGVkJFQUXgAQD6AQQIABBG!16s%2Fg%2F11n0bh0gvf?entry=ttu&g_ep=EgoyMDI2MDQxNC4wIKXMDSoASAFQAw%3D%3D",Closed · Opens 8 AM Sat 
Odaan Foods Restaurant & Naan House,"6X5J+XW8 Sivalaya chok, fewa marga, Pokhara 33700",,,,restaurant,Grid Search,,,28.2233391,83.9705253,"https://www.google.com/maps/place/Odaan+Foods+Restaurant+%26+Naan+House/@28.2233391,83.9705253,15z/data=!4m11!1m3!2m2!1srestaurant!6e5!3m6!1s0x39959537c6185c69:0x6792f0d06cdd082a!8m2!3d28.2099101!4d83.9823281!15sCgpyZXN0YXVyYW50WgwiCnJlc3RhdXJhbnSSAQpyZXN0YXVyYW50mgFEQ2k5RFFVbFJRVU52WkVOb2RIbGpSamx2VDIwNVVWUkVXWFJXYTA1WllYcG9VbFJWUmxwaU1YQTFaRWh3YVZKSFl4QULgAQD6AQQIABAh!16s%2Fg%2F11kl96kvxq?entry=ttu&g_ep=EgoyMDI2MDQxNC4wIKXMDSoASAFQAw%3D%3D",Closed · Opens 7 AM Sat 
ROYAL SAKURA RESTAURANT PVT LTD,"Mathura Sadan, 302 Mahendra Pul Rd, Pokhara 33700",,,061-543331,restaurant,Grid Search,,,28.2233391,83.9705253,"https://www.google.com/maps/place/ROYAL+SAKURA+RESTAURANT+PVT+LTD/@28.2233391,83.9705253,15z/data=!4m11!1m3!2m2!1srestaurant!6e5!3m6!1s0x399595f573cd6e3f:0x60da1af52efceebe!8m2!3d28.2248534!4d83.9901044!15sCgpyZXN0YXVyYW50WgwiCnJlc3RhdXJhbnSSAQpyZXN0YXVyYW50mgEkQ2hkRFNVaE5NRzluUzBWSlEwRm5TVU40TFRaUVVXaDNSUkFC4AEA-gEECAAQJQ!16s%2Fg%2F11rq1k5tl2?entry=ttu&g_ep=EgoyMDI2MDQxNC4wIKXMDSoASAFQAw%3D%3D",Closed · Opens 7 AM Sat 
Aarati Bhanchha Ghar & Restaurant,"6232+X26, Pokhara 33700",,,061-433286,restaurant,Grid Search,,,28.20489,83.9818583,"https://www.google.com/maps/place/Aarati+Bhanchha+Ghar+%26+Restaurant/@28.20489,83.9818583,15z/data=!4m11!1m3!2m2!1srestaurant!6e5!3m6!1s0x3995950059b786e5:0xd92d5f7f64561ac5!8m2!3d28.20489!4d83.9998827!15sCgpyZXN0YXVyYW50WgwiCnJlc3RhdXJhbnSSAQpyZXN0YXVyYW50mgEjQ2haRFNVaE5NRzluUzBWSlEwRm5UVU5uTkc4eVRVaG5FQUXgAQD6AQQIOxA0!16s%2Fg%2F11x2pxtv4r?entry=ttu&g_ep=EgoyMDI2MDQxNC4wIKXMDSoASAFQAw%3D%3D",Closed · Opens 7:30 AM Sat 
D.G FRIDAY RESTAURANT,"Indrachowk, Pokhara 33700",,,984-6939024,restaurant,Grid Search,,,28.20489,83.9818583,"https://www.google.com/maps/place/D.G+FRIDAY+RESTAURANT/@28.20489,83.9818583,15z/data=!4m11!1m3!2m2!1srestaurant!6e5!3m6!1s0x399595a6457a5051:0x2597e7a506536b!8m2!3d28.20625!4d83.9931866!15sCgpyZXN0YXVyYW50WgwiCnJlc3RhdXJhbnSSAQpyZXN0YXVyYW50mgEjQ2haRFNVaE5NRzluUzBWSlEwRm5TVU5TZDBrM05FeEJFQUXgAQD6AQQIABAp!16s%2Fg%2F11frqv8hmd?entry=ttu&g_ep=EgoyMDI2MDQxNC4wIKXMDSoASAFQAw%3D%3D",Closed · Opens 7 AM Sat 
Al Hakeem Halal Restaurant,Pokhara 33700,,,980-4101062,restaurant,Grid Search,,,28.2230625,83.9682881,"https://www.google.com/maps/place/Al+Hakeem+Halal+Restaurant/@28.2230625,83.9682881,15z/data=!4m11!1m3!2m2!1srestaurant!6e5!3m6!1s0x3995944fcb4ede05:0x5d510ace8865ff21!8m2!3d28.2230625!4d83.9863125!15sCgpyZXN0YXVyYW50WgwiCnJlc3RhdXJhbnSSAQpyZXN0YXVyYW50mgEjQ2haRFNVaE5NRzluUzBWSlEwRm5TVVJTZEZwcWFGRm5FQUXgAQD6AQQIABAa!16s%2Fg%2F11h9y5mc99?entry=ttu&g_ep=EgoyMDI2MDQxNC4wIKXMDSoASAFQAw%3D%3D",Closed · Opens 10 AM Sat 
Gaunghar Cafe & Restaurant,"6X7H+3MR, Pokhara 33700",,,061-540385,restaurant,Grid Search,,,28.2230625,83.9682881,"https://www.google.com/maps/place/Gaunghar+Cafe+%26+Restaurant/@28.2230625,83.9682881,15z/data=!4m11!1m3!2m2!1srestaurant!6e5!3m6!1s0x399595dfb9c0c87f:0x15eae6356928c386!8m2!3d28.2127367!4d83.979154!15sCgpyZXN0YXVyYW50WgwiCnJlc3RhdXJhbnSSAQpyZXN0YXVyYW50mgEjQ2haRFNVaE5NRzluUzBWSlEwRm5TVU53Tm1GNWRXVlJFQUXgAQD6AQQIABAz!16s%2Fg%2F11pwc1zlfc?entry=ttu&g_ep=EgoyMDI2MDQxNC4wIKXMDSoASAFQAw%3D%3D",Closed · Opens 9 AM Sat 
U and me family restaurant,"5XVC+8W, Pokhara 33700",,,980-4122097,restaurant,Grid Search,,,28.2230625,83.9682881,"https://www.google.com/maps/place/U+and+me+family+restaurant/@28.2230625,83.9682881,15z/data=!4m11!1m3!2m2!1srestaurant!6e5!3m6!1s0x399595f63f5edfcf:0x2fd0d90a2a908cfc!8m2!3d28.1933243!4d83.9722456!15sCgpyZXN0YXVyYW50WgwiCnJlc3RhdXJhbnSSARFmYW1pbHlfcmVzdGF1cmFudJoBI0NoWkRTVWhOTUc5blMwVkpRMEZuU1VSNk4yOWlNMVIzRUFF4AEA-gEECDAQKw!16s%2Fg%2F11q4m1swgm?entry=ttu&g_ep=EgoyMDI2MDQxNC4wIKXMDSoASAFQAw%3D%3D",
Family Restaurant harichowk,"Mahendra Pul Rd, Pokhara 33700",,,061-534901,restaurant,Grid Search,,,28.2243229,83.9732906,"https://www.google.com/maps/place/Family+Restaurant+harichowk/@28.2243229,83.9732906,15z/data=!4m11!1m3!2m2!1srestaurant!6e5!3m6!1s0x399595af06077da7:0xa5b6b563ba51d86!8m2!3d28.2243229!4d83.991315!15sCgpyZXN0YXVyYW50WgwiCnJlc3RhdXJhbnSSAQpyZXN0YXVyYW50mgEjQ2haRFNVaE5NRzluUzBWSlEwRm5TVU40YzFwUWRscFJFQUXgAQD6AQQIMBBJ!16s%2Fg%2F11h_dwyq48?entry=ttu&g_ep=EgoyMDI2MDQxNC4wIKXMDSoASAFQAw%3D%3D",Closed · Opens 10 AM Sat 
Just Taste Restaurant,"6283+98G, Pokhara 33700",instagram.com,https://www.instagram.com,980-3259054,restaurant,Grid Search,,,28.2243229,83.9732906,"https://www.google.com/maps/place/Just+Taste+Restaurant/@28.2243229,83.9732906,15z/data=!4m11!1m3!2m2!1srestaurant!6e5!3m6!1s0x399597dd7db67c39:0xebef956731f12695!8m2!3d28.2159368!4d84.0033216!15sCgpyZXN0YXVyYW50WgwiCnJlc3RhdXJhbnSSAQpyZXN0YXVyYW504AEA!16s%2Fg%2F11smnx7q_f?entry=ttu&g_ep=EgoyMDI2MDQxNC4wIKXMDSoASAFQAw%3D%3D",Closed · Opens 10 AM Sat 
"Parbat Janapriya Hotel and Restaurant, Pokhara Hospital chowk","6X6X+MQ6, Ramghat Rd, Pokhara 33700",,,,restaurant,Grid Search,,,28.2159368,83.9852972,"https://www.google.com/maps/place/Parbat+Janapriya+Hotel+and+Restaurant,+Pokhara+Hospital+chowk/@28.2159368,83.9852972,15z/data=!4m11!1m3!2m2!1srestaurant!6e5!3m6!1s0x3995950050486733:0x7d4097b42ffa9fc0!8m2!3d28.2116067!4d83.9993628!15sCgpyZXN0YXVyYW50WgwiCnJlc3RhdXJhbnSSAQpyZXN0YXVyYW504AEA!16s%2Fg%2F11vqhr15qq?entry=ttu&g_ep=EgoyMDI2MDQxNC4wIKXMDSoASAFQAw%3D%3D",Closed · Opens 5 AM Sat 
Susanta restaurant,"6242+5FG, Pokhara 33700",,,061-532702,restaurant,Grid Search,,,28.2053255,83.9767521,"https://www.google.com/maps/place/Susanta+restaurant/@28.2053255,83.9767521,15z/data=!4m11!1m3!2m2!1srestaurant!6e5!3m6!1s0x399595404637d515:0x90e8622718499094!8m2!3d28.2054272!4d84.0011929!15sCgpyZXN0YXVyYW50WgwiCnJlc3RhdXJhbnSSAQpyZXN0YXVyYW504AEA!16s%2Fg%2F11f5llp2xz?entry=ttu&g_ep=EgoyMDI2MDQxNC4wIKXMDSoASAFQAw%3D%3D",Closed · Opens 6 AM Sat 
Brosis momo corner and restaurant,"6242+2H5, Pokhara 33700",,,982-6670015,restaurant,Grid Search,,,28.2050105,83.9834546,"https://www.google.com/maps/place/Lishno+cafe+and+restaurant/@28.2050105,83.9834546,15z/data=!4m11!1m3!2m2!1srestaurant!6e5!3m6!1s0x399595bf230b211d:0x900e85e9371d9a71!8m2!3d28.2231262!4d83.9909781!15sCgpyZXN0YXVyYW50WgwiCnJlc3RhdXJhbnSSAQpyZXN0YXVyYW504AEA!16s%2Fg%2F11h6lm6tgt?entry=ttu&g_ep=EgoyMDI2MDQxNC4wIKXMDSoASAFQAw%3D%3D",Open 24 hours 
City View Restaurant & Bar,"6XFQ+J97, Pokhara 33700",,,,restaurant,Grid Search,,,28.2231262,83.9729537,"https://www.google.com/maps/place/City+View+Restaurant+%26+Bar/@28.2231262,83.9729537,15z/data=!4m11!1m3!2m2!1srestaurant!6e5!3m6!1s0x3995944f111ef60f:0xe9faebef0a8aefa3!8m2!3d28.2240449!4d83.9884128!15sCgpyZXN0YXVyYW50WgwiCnJlc3RhdXJhbnSSAQpyZXN0YXVyYW504AEA!16s%2Fg%2F11crzf5qj5?entry=ttu&g_ep=EgoyMDI2MDQxNC4wIKXMDSoASAFQAw%3D%3D",Closed · Opens 8 AM Sat 
Papaya Restaurant and Bar,"6232+4JR, Pokhara 33700",,,,restaurant,Grid Search,,,28.2231262,83.9729537,"https://www.google.com/maps/place/Papaya+Restaurant+and+Bar/@28.2231262,83.9729537,15z/data=!4m11!1m3!2m2!1srestaurant!6e5!3m6!1s0x3995955c9cdbca95:0xa2a18e344ac3c893!8m2!3d28.2028558!4d84.0015086!15sCgpyZXN0YXVyYW50WgwiCnJlc3RhdXJhbnSSAQpyZXN0YXVyYW504AEA!16s%2Fg%2F11gr4j9c3m?entry=ttu&g_ep=EgoyMDI2MDQxNC4wIKXMDSoASAFQAw%3D%3D",Closed · Opens 8 AM Sat 
Tibetian Big Mo:Mo Restaurant,"11 Ranipauwa Rd, Pokhara 33700",,,,restaurant,Grid Search,,,28.2028558,83.9834842,"https://www.google.com/maps/place/Tibetian+Big+Mo:Mo+Restaurant/@28.2028558,83.9834842,15z/data=!4m11!1m3!2m2!1srestaurant!6e5!3m6!1s0x399595006f803bad:0x9134248b14336340!8m2!3d28.2213396!4d83.9957293!15sCgpyZXN0YXVyYW50kgEKcmVzdGF1cmFudOABAA!16s%2Fg%2F11yx8jdt03?entry=ttu&g_ep=EgoyMDI2MDQxNC4wIKXMDSoASAFQAw%3D%3D",
MRP Beer Restaurant,"6277+C55, Lamodahar Road, Pokhara 33700",,,,restaurant,Grid Search,,,28.2228664,83.9682054,"https://www.google.com/maps/place/MRP+Beer+Restaurant/@28.2228664,83.9682054,15z/data=!4m11!1m3!2m2!1srestaurant!6e5!3m6!1s0x3995950070cdc64d:0x83aafb41b33008d8!8m2!3d28.2135123!4d84.0129702!15sCgpyZXN0YXVyYW50WgwiCnJlc3RhdXJhbnSSAQpyZXN0YXVyYW50mgEjQ2haRFNVaE5NRzluUzBWSlEwRm5TVVJZZWxvelRGUkJFQUXgAQD6AQUI_gEQJA!16s%2Fg%2F11wh3j97r4?entry=ttu&g_ep=EgoyMDI2MDQxNC4wIKXMDSoASAFQAw%3D%3D",
Y5 Restaurant,"5 Nayabazar Rd, Pokhara 33700",,,980-5865165,restaurant,Grid Search,,,28.2095831,83.967543,"https://www.google.com/maps/place/Y5+Restaurant/@28.2095831,83.967543,15z/data=!4m11!1m3!2m2!1srestaurant!6e5!3m6!1s0x399595b2f0f3dc13:0x68e851fdb45d6757!8m2!3d28.2119408!4d83.9868901!15sCgpyZXN0YXVyYW50WgwiCnJlc3RhdXJhbnSSAQpyZXN0YXVyYW50mgEjQ2haRFNVaE5NRzluUzBWSlEwRm5TVVJvZW1WbE1sWjNFQUXgAQD6AQQIABAU!16s%2Fg%2F11g6vhx3hm?entry=ttu&g_ep=EgoyMDI2MDQxNC4wIKXMDSoASAFQAw%3D%3D",Closed · Opens 7 AM Sat 
The Eagle Eye Restaurant _Nayabazar Pokhara,"9 Nayabazar Rd, Pokhara 33700",theeagleeyerestaurant.info,https://www.theeagleeyerestaurant.info,980-6632056,restaurant,Grid Search,,,28.2095831,83.967543,"https://www.google.com/maps/place/The+Eagle+Eye+Restaurant+_Nayabazar+Pokhara/@28.2095831,83.967543,15z/data=!4m11!1m3!2m2!1srestaurant!6e5!3m6!1s0x399595a4357c2247:0x3d4fcdeb22de2d5!8m2!3d28.2196242!4d83.9900309!15sCgpyZXN0YXVyYW50WgwiCnJlc3RhdXJhbnSSAQpyZXN0YXVyYW50mgFEQ2k5RFFVbFJRVU52WkVOb2RIbGpSamx2VDJ0MFIyVkhSbUZYYlhoU1UwZEtjRlJHVW0xVlZrSlZUMVpHV21OclJSQULgAQD6AQQIABAZ!16s%2Fg%2F11xvm7ycpw?entry=ttu&g_ep=EgoyMDI2MDQxNC4wIKXMDSoASAFQAw%3D%3D",Closed · Opens 8 AM Sat 
Dheentheba Fast Food & Coffee House,"6XFR+32W, Bastola Thar Rd, Pokhara 33700",,,061-521197,restaurant,Grid Search,,,28.2006322,83.9935929,"https://www.google.com/maps/place/Dheentheba+Fast+Food+%26+Coffee+House/@28.2006322,83.9935929,15z/data=!4m11!1m3!2m2!1srestaurant!6e5!3m6!1s0x39959542e9d6b32f:0xf9b0457923b3b134!8m2!3d28.2227419!4d83.9900671!15sCgpyZXN0YXVyYW50WgwiCnJlc3RhdXJhbnSSAQpyZXN0YXVyYW50mgEkQ2hkRFNVaE5NRzluUzBWSlEwRm5TVVF0YXpjeWJqWm5SUkFC4AEA-gEECAAQSA!16s%2Fg%2F11h_c6llpg?entry=ttu&g_ep=EgoyMDI2MDQxNC4wIKXMDSoASAFQAw%3D%3D",Closed · Opens 8 AM Sat 
Darshan Namaste Restaurant,"6X6X+MQ6, Ramghat Rd, Pokhara 33700",,,,restaurant,Grid Search,,,28.2227419,83.9720427,"https://www.google.com/maps/place/Darshan+Namaste+Restaurant/@28.2227419,83.9720427,15z/data=!4m11!1m3!2m2!1srestaurant!6e5!3m6!1s0x399595ee5017b599:0x913a01e68bc6a256!8m2!3d28.2116611!4d83.999381!15sCgpyZXN0YXVyYW50WgwiCnJlc3RhdXJhbnSSARRmYXN0X2Zvb2RfcmVzdGF1cmFudJoBJENoZERTVWhOTUc5blMwVkpRMEZuU1VRMWRFNUxiemRCUlJBQuABAPoBBAgAEAw!16s%2Fg%2F11r9tdnwc6?entry=ttu&g_ep=EgoyMDI2MDQxNC4wIKXMDSoASAFQAw%3D%3D",Closed · Opens 7 AM Sat 
HOTSPOT FAMILY GARDEN AND CASUAL RESTAURANT,Pokhara 33700,,,981-6199621,restaurant,Grid Search,,,28.2097585,83.9679102,"https://www.google.com/maps/place/HOTSPOT+FAMILY+GARDEN+AND+CASUAL+RESTAURANT/@28.2097585,83.9679102,15z/data=!4m11!1m3!2m2!1srestaurant!6e5!3m6!1s0x39959596e2c5716f:0xe0c55eda0002c24b!8m2!3d28.2017861!4d83.9987589!15sCgpyZXN0YXVyYW50WgwiCnJlc3RhdXJhbnSSAQpyZXN0YXVyYW504AEA!16s%2Fg%2F11j5m1950w?entry=ttu&g_ep=EgoyMDI2MDQxNC4wIKXMDSoASAFQAw%3D%3D",Closed · Opens 8 AM Sat 
genz Cafe and restaurant,"Prithivi chok, Pokhara 33700",,,,restaurant,Grid Search,,,28.2097585,83.9679102,"https://www.google.com/maps/place/genz+Cafe+and+restaurant/@28.2097585,83.9679102,15z/data=!4m11!1m3!2m2!1srestaurant!6e5!3m6!1s0x39959500230b92e3:0x60cb675570b777d5!8m2!3d28.209223!4d83.9851104!15sCgpyZXN0YXVyYW50kgEKcmVzdGF1cmFudOABAA!16s%2Fg%2F11nb5p08q9?entry=ttu&g_ep=EgoyMDI2MDQxNC4wIKXMDSoASAFQAw%3D%3D",
K.C. Restaurant,"6X5M+3H7, Pokhara 33700",,,,restaurant,Grid Search,,,28.2097585,83.9679102,"https://www.google.com/maps/place/K.C.+Restaurant/@28.2097585,83.9679102,15z/data=!4m11!1m3!2m2!1srestaurant!6e5!3m6!1s0x399595098d58842b:0x3dab540dbbb307af!8m2!3d28.207661!4d83.9839325!15sCgpyZXN0YXVyYW50WgwiCnJlc3RhdXJhbnSSAQpyZXN0YXVyYW504AEA!16s%2Fg%2F11fldphbj6?entry=ttu&g_ep=EgoyMDI2MDQxNC4wIKXMDSoASAFQAw%3D%3D",
Purna Restaurant,"Ram Bazar Rd, Pokhara 33700",,,981-9190980,restaurant,Grid Search,,,28.2098927,83.9931055,"https://www.google.com/maps/place/Purna+Restaurant/@28.2098927,83.9931055,15z/data=!4m11!1m3!2m2!1srestaurant!6e5!3m6!1s0x399595fe4afbb347:0x3a7240c88adf2733!8m2!3d28.2009502!4d83.996788!15sCgpyZXN0YXVyYW50WgwiCnJlc3RhdXJhbnSSAQpyZXN0YXVyYW50mgFEQ2k5RFFVbFJRVU52WkVOb2RIbGpSamx2VDJreGFtSlZjSEJrYms0MlVqSTVNVnBWV2pSVFZYTXpZak5rTkdWSVl4QULgAQD6AQQIABAu!16s%2Fg%2F11fj7shgh2?entry=ttu&g_ep=EgoyMDI2MDQxNC4wIKXMDSoASAFQAw%3D%3D",Closed · Opens 10 AM Sat 
Peace zone restaurant,"6XCQ+VC9, Pokhara 33700",,,,restaurant,Grid Search,,,28.1997524,83.977927,"https://www.google.com/maps/place/Peace+zone+restaurant/@28.1997524,83.977927,15z/data=!4m11!1m3!2m2!1srestaurant!6e5!3m6!1s0x399595004b9ab6ad:0x1112a37b4394d35e!8m2!3d28.2221388!4d83.9886768!15sCgpyZXN0YXVyYW50kgEQYXNpYW5fcmVzdGF1cmFudOABAA!16s%2Fg%2F11nb5n9p4l?entry=ttu&g_ep=EgoyMDI2MDQxNC4wIKXMDSoASAFQAw%3D%3D",
My Dream High Restaurant,Pokhara 33700,,,981-4143524,restaurant,Grid Search,,,28.2221388,83.9706524,"https://www.google.com/maps/place/My+Dream+High+Restaurant/@28.2221388,83.9706524,15z/data=!4m11!1m3!2m2!1srestaurant!6e5!3m6!1s0x3995959bfbc02f6f:0x8731a9b7e17df050!8m2!3d28.2227944!4d83.9885534!15sCgpyZXN0YXVyYW50WgwiCnJlc3RhdXJhbnSSAQpyZXN0YXVyYW50mgFEQ2k5RFFVbFJRVU52WkVOb2RIbGpSamx2VDJ0NFVFNXFaelJTVkZKdFlrUmFURlV5U2tWaGEyaEhaVzVrYlZwWVl4QULgAQD6AQUIsAEQPg!16s%2Fg%2F11hkcrh5cs?entry=ttu&g_ep=EgoyMDI2MDQxNC4wIKXMDSoASAFQAw%3D%3D",Closed · Opens 8 AM Sat 
"Paleti Homes Restaurant, Bar & Lodge","6X6M+QWJ, Pokhara 33700",facebook.com,https://www.facebook.com,061-535558,restaurant,Grid Search,,,28.2084536,83.9664088,"https://www.google.com/maps/place/Paleti+Homes+Restaurant,+Bar+%26+Lodge/@28.2084536,83.9664088,15z/data=!4m11!1m3!2m2!1srestaurant!6e5!3m6!1s0x399595ad62b9eb4b:0xab5588662e0b12e4!8m2!3d28.2119546!4d83.9847775!15sCgpyZXN0YXVyYW50WgwiCnJlc3RhdXJhbnSSAQpyZXN0YXVyYW50mgEkQ2hkRFNVaE5NRzluUzBWSlEwRm5TVVExYlhOVFRqUlJSUkFC4AEA-gEECBwQJA!16s%2Fg%2F11g8bv1zz8?entry=ttu&g_ep=EgoyMDI2MDQxNC4wIKXMDSoASAFQAw%3D%3D",Closed · Opens 6 AM Sat 
Deyalo Restaurant,"6X4W+CGW, Pokhara 33700",,,984-6034903,restaurant,Grid Search,,,28.20489,83.9818583,"https://www.google.com/maps/place/Deyalo+Restaurant/@28.20489,83.9818583,15z/data=!4m11!1m3!2m2!1srestaurant!6e5!3m6!1s0x399595c9cd7e7927:0x7688946e1179e73d!8m2!3d28.2061059!4d83.9963133!15sCgpyZXN0YXVyYW50WgwiCnJlc3RhdXJhbnSSAQpyZXN0YXVyYW50mgEkQ2hkRFNVaE5NRzluUzBWSlEwRm5TVU4xYkhWRFN5MVJSUkFC4AEA-gEECAAQPg!16s%2Fg%2F11dfj5vm3m?entry=ttu&g_ep=EgoyMDI2MDQxNC4wIKXMDSoASAFQAw%3D%3D",Closed · Opens 10 AM Sat 
Piyush Restaurant and Bar,"6XFP+5FH, Buddha marga, Pokhara 33700",,,980-8267927,restaurant,Grid Search,,,28.20489,83.9818583,"https://www.google.com/maps/place/Piyush+Restaurant+and+Bar/@28.20489,83.9818583,15z/data=!4m11!1m3!2m2!1srestaurant!6e5!3m6!1s0x3995944e358fdb65:0x69182e1ef6248437!8m2!3d28.2229367!4d83.9862249!15sCgpyZXN0YXVyYW50WgwiCnJlc3RhdXJhbnSSAQpyZXN0YXVyYW504AEA!16s%2Fg%2F11f2xml_1g?entry=ttu&g_ep=EgoyMDI2MDQxNC4wIKXMDSoASAFQAw%3D%3D",Closed · Opens 8 AM Sat 
Newa Cottage,"6X8X+M55, Ranipauwa Rd, Pokhara 33700",,,984-6456329,restaurant,Grid Search,,,28.2159368,83.9852972,"https://www.google.com/maps/place/Newa+Cottage/@28.2159368,83.9852972,15z/data=!4m11!1m3!2m2!1srestaurant!6e5!3m6!1s0x399594351c1676bf:0x716121b3eb55a64a!8m2!3d28.2166439!4d83.9979811!15sCgpyZXN0YXVyYW50WgwiCnJlc3RhdXJhbnSSAQpyZXN0YXVyYW50mgEjQ2haRFNVaE5NRzluUzBWSlEwRm5TVU5vZVZseVZrRlJFQUXgAQD6AQQIExAO!16s%2Fg%2F11_r0_b1r?entry=ttu&g_ep=EgoyMDI2MDQxNC4wIKXMDSoASAFQAw%3D%3D",Closed · Opens 8 AM Sat 
NG Fastfood Restaurant Pokhara,"5XVW+XJG, Pokhara 33700",,,,restaurant,Grid Search,,,28.2159368,83.9852972,"https://www.google.com/maps/place/NG+Fastfood+Restaurant+Pokhara/@28.2159368,83.9852972,15z/data=!4m11!1m3!2m2!1srestaurant!6e5!3m6!1s0x399595eb352f5663:0xeb38cccbf5636255!8m2!3d28.1949267!4d83.9965785!15sCgpyZXN0YXVyYW50WgwiCnJlc3RhdXJhbnSSARJjaGlja2VuX3Jlc3RhdXJhbnSaASRDaGREU1VoTk1HOW5TMFZKUTBGblNVUXllWEJYVWpWM1JSQULgAQD6AQQIABBC!16s%2Fg%2F11mw7rcz0k?entry=ttu&g_ep=EgoyMDI2MDQxNC4wIKXMDSoASAFQAw%3D%3D",Closed · Opens 7 AM Sat 
Twins Restaurant,"Amarsingh Chowk, Pokhara 33700",,,982-7150033,restaurant,Grid Search,,,28.2120226,83.9818433,"https://www.google.com/maps/place/Twins+Restaurant/@28.2120226,83.9818433,15z/data=!4m11!1m3!2m2!1srestaurant!6e5!3m6!1s0x3995957477ca215f:0xf2d5fb4d6c1a70f7!8m2!3d28.2059313!4d84.0006954!15sCgpyZXN0YXVyYW50WgwiCnJlc3RhdXJhbnSSAQpyZXN0YXVyYW504AEA!16s%2Fg%2F11ffw4f_29?entry=ttu&g_ep=EgoyMDI2MDQxNC4wIKXMDSoASAFQAw%3D%3D",Closed · Opens 8 AM Sat 
Laltin Cottage & Restaurant,"कुँडहर-अन्नपुर्ण मार्ग, Pokhara 33700",,,061-570003,restaurant,Grid Search,,,28.2120226,83.9818433,"https://www.google.com/maps/place/Laltin+Cottage+%26+Restaurant/@28.2120226,83.9818433,15z/data=!4m11!1m3!2m2!1srestaurant!6e5!3m6!1s0x399595cf17479bd9:0xa923d3b7fbacf62f!8m2!3d28.2047747!4d84.0025474!15sCgpyZXN0YXVyYW50WgwiCnJlc3RhdXJhbnSSAQpyZXN0YXVyYW50mgEjQ2haRFNVaE5NRzluUzBWSlEwRm5TVVJFTVY5UWJtSkJFQUXgAQD6AQQIABA9!16s%2Fg%2F11by_klkx3?entry=ttu&g_ep=EgoyMDI2MDQxNC4wIKXMDSoASAFQAw%3D%3D",Closed · Opens 8 AM Sat 
Parbat Paakhapani Restaurant and Guest House,"6X6P+39V, Nayabazar Rd, Pokhara 33700",,,061-538518,restaurant,Grid Search,,,28.210232,83.967898,"https://www.google.com/maps/place/Parbat+Paakhapani+Restaurant+and+Guest+House/@28.210232,83.967898,15z/data=!4m11!1m3!2m2!1srestaurant!6e5!3m6!1s0x399595cb60bf4b3f:0xd5c04dea78dc20b2!8m2!3d28.210232!4d83.9859224!15sCgpyZXN0YXVyYW50WgwiCnJlc3RhdXJhbnSSAQpyZXN0YXVyYW504AEA!16s%2Fg%2F11fktdzwzk?entry=ttu&g_ep=EgoyMDI2MDQxNC4wIKXMDSoASAFQAw%3D%3D",Closed · Opens 7 AM Sat 
Namaste Korean & Nepali Restaurant,"H04, Pokhara 33700",,,061-581473,restaurant,Grid Search,,,28.2063164,83.9772995,"https://www.google.com/maps/place/Namaste+Korean+%26+Nepali+Restaurant/@28.2063164,83.9772995,15z/data=!4m11!1m3!2m2!1srestaurant!6e5!3m6!1s0x399595c9d388bc01:0xff2f2ad77ba2563c!8m2!3d28.2063164!4d83.9953239!15sCgpyZXN0YXVyYW50WgwiCnJlc3RhdXJhbnSSARFrb3JlYW5fcmVzdGF1cmFudJoBI0NoWkRTVWhOTUc5blMwVkpRMEZuU1VONE1FNXBNRWgzRUFF4AEA-gEECAAQFQ!16s%2Fg%2F11f10dy0g6?entry=ttu&g_ep=EgoyMDI2MDQxNC4wIKXMDSoASAFQAw%3D%3D",Closed · Opens 10 AM Sat 
Sumitra restaurant,"Chauthe 14, Pokhara",,,,restaurant,Grid Search,,,28.2063164,83.9772995,"https://www.google.com/maps/place/Sumitra+restaurant/@28.2063164,83.9772995,15z/data=!4m11!1m3!2m2!1srestaurant!6e5!3m6!1s0x3995970067c8ea4f:0xaf63d02924efee66!8m2!3d28.1983718!4d84.0257295!15sCgpyZXN0YXVyYW50WgwiCnJlc3RhdXJhbnSSARFmYW1pbHlfcmVzdGF1cmFudOABAA!16s%2Fg%2F11w4dcjglw?entry=ttu&g_ep=EgoyMDI2MDQxNC4wIKXMDSoASAFQAw%3D%3D",
Shrestha Mandali Cafe & Restaurant,"6XFP+2M5, Buddha Marga, Pokhara 33700",,,061-538151,restaurant,Grid Search,,,28.22251,83.9687191,"https://www.google.com/maps/place/Shrestha+Mandali+Cafe+%26+Restaurant/@28.22251,83.9687191,15z/data=!4m11!1m3!2m2!1srestaurant!6e5!3m6!1s0x3995956ed13af043:0x90fa7144d0a3e637!8m2!3d28.22251!4d83.9867435!15sCgpyZXN0YXVyYW50WgwiCnJlc3RhdXJhbnSSAQpyZXN0YXVyYW504AEA!16s%2Fg%2F11fhz5k7w6?entry=ttu&g_ep=EgoyMDI2MDQxNC4wIKXMDSoASAFQAw%3D%3D",Closed · Opens 7 AM Sun 
Tungna Restaurant & Lounge Bar,"6XCP+CQJ, New Rd, Pokhara 33700",,,061-531415,restaurant,Grid Search,,,28.22251,83.9687191,"https://www.google.com/maps/place/Tungna+Restaurant+%26+Lounge+Bar/@28.22251,83.9687191,15z/data=!4m11!1m3!2m2!1srestaurant!6e5!3m6!1s0x3995944e701f08cd:0x55357d9210bcfb2e!8m2!3d28.2210234!4d83.9869725!15sCgpyZXN0YXVyYW50WgwiCnJlc3RhdXJhbnSSAQpyZXN0YXVyYW50mgEkQ2hkRFNVaE5NRzluUzBWSlEwRm5TVU0xYmpScWRtZFJSUkFC4AEA-gEFCOEBED0!16s%2Fg%2F1pp2tvjyt?entry=ttu&g_ep=EgoyMDI2MDQxNC4wIKXMDSoASAFQAw%3D%3D",Closed · Opens 8 AM Sat 
Burti Restaurant & Bar,Pokhara 33700,,,,restaurant,Grid Search,,,28.22251,83.9687191,"https://www.google.com/maps/place/Burti+Restaurant+%26+Bar/@28.22251,83.9687191,15z/data=!4m11!1m3!2m2!1srestaurant!6e5!3m6!1s0x399595e964bd61bf:0x6bf08da1d1bc2b82!8m2!3d28.2224499!4d83.9883886!15sCgpyZXN0YXVyYW50WgwiCnJlc3RhdXJhbnSSARRmYXN0X2Zvb2RfcmVzdGF1cmFudJoBJENoZERTVWhOTUc5blMwVkpRMEZuU1VOb0xXRlBjMnRCUlJBQuABAPoBBAgAEDY!16s%2Fg%2F11tsdvwt5f?entry=ttu&g_ep=EgoyMDI2MDQxNC4wIKXMDSoASAFQAw%3D%3D",Closed · Opens 7 AM Sat 
Barsha and Bachan Restaurant,"6X5M+R6G, Pokhara 33700",,,,restaurant,Grid Search,,,28.22251,83.9687191,"https://www.google.com/maps/place/Barsha+and+Bachan+Restaurant/@28.22251,83.9687191,15z/data=!4m11!1m3!2m2!1srestaurant!6e5!3m6!1s0x3995950062fa11a3:0xd44fed89a60b5567!8m2!3d28.2095564!4d83.9830679!15sCgpyZXN0YXVyYW50WgwiCnJlc3RhdXJhbnSSAQpyZXN0YXVyYW504AEA!16s%2Fg%2F11x7ph7hm7?entry=ttu&g_ep=EgoyMDI2MDQxNC4wIKXMDSoASAFQAw%3D%3D",
Red Chilly Restaurant,"12 Mahendra Pul Rd, Pokhara 00977",,,061-522710,restaurant,Grid Search,,,28.22251,83.9687191,"https://www.google.com/maps/place/Red+Chilly+Restaurant/@28.22251,83.9687191,15z/data=!4m11!1m3!2m2!1srestaurant!6e5!3m6!1s0x3995943317ccdb07:0x7686005907135385!8m2!3d28.2165859!4d84.0025761!15sCgpyZXN0YXVyYW50WgwiCnJlc3RhdXJhbnSSAQpyZXN0YXVyYW504AEA!16s%2Fg%2F1tj87vcm?entry=ttu&g_ep=EgoyMDI2MDQxNC4wIKXMDSoASAFQAw%3D%3D",Closed · Opens 8 AM Sat 
Prena Restaurant and khaja Ghar,"6228+276, Pokhara 33700",,,980-6620269,restaurant,Grid Search,,,28.2165859,83.9845517,"https://www.google.com/maps/place/Prena+Restaurant+and+khaja+Ghar/@28.2165859,83.9845517,15z/data=!4m11!1m3!2m2!1srestaurant!6e5!3m6!1s0x3995952ababfe78b:0xd62791823960f314!8m2!3d28.2001416!4d84.0156897!15sCgpyZXN0YXVyYW50WgwiCnJlc3RhdXJhbnSSAQpyZXN0YXVyYW504AEA!16s%2Fg%2F11kjjh2p34?entry=ttu&g_ep=EgoyMDI2MDQxNC4wIKXMDSoASAFQAw%3D%3D",Closed · Opens 6 AM Sat 
Sanaya Restaurant,"End of Street no 7, Pokhara 33700",,,984-6785424,restaurant,Grid Search,,,28.2044307,83.9471187,"https://www.google.com/maps/place/Sanaya+Restaurant/@28.2044307,83.9471187,15z/data=!4m11!1m3!2m2!1srestaurant!6e5!3m6!1s0x399595f540420e85:0x9c2beb959f5b5e10!8m2!3d28.208198!4d83.9645524!15sCgpyZXN0YXVyYW50WgwiCnJlc3RhdXJhbnSSARFmYW1pbHlfcmVzdGF1cmFudJoBJENoZERTVWhOTUc5blMwVkpRMEZuU1VOMmRuVmhlSGwzUlJBQuABAPoBBAgAEDU!16s%2Fg%2F11y9nbv_rc?entry=ttu&g_ep=EgoyMDI2MDQxNC4wIKXMDSoASAFQAw%3D%3D",Closes soon · 12 AM · Opens 7 AM Sat 
View Site Restaurant and Bar,"6XMC+5GW, Pokhara 33700",,,,restaurant,Grid Search,,,28.2044307,83.9471187,"https://www.google.com/maps/place/View+Site+Restaurant+and+Bar/@28.2044307,83.9471187,15z/data=!4m11!1m3!2m2!1srestaurant!6e5!3m6!1s0x399595a809f75903:0x491e88aed17ebc5a!8m2!3d28.2329907!4d83.9713355!15sCgpyZXN0YXVyYW50WgwiCnJlc3RhdXJhbnSSAQpyZXN0YXVyYW50mgEkQ2hkRFNVaE5NRzluUzBWSlEwRm5TVVEzY3pnMlVHOVJSUkFC4AEA-gEECAAQQg!16s%2Fg%2F11lggcq653?entry=ttu&g_ep=EgoyMDI2MDQxNC4wIKXMDSoASAFQAw%3D%3D",Closed · Opens 7 AM Sat 
View Site Restaurant and Bar,"6X57+9H7, Pokhara 33700",,,980-3926390,restaurant,Grid Search,,,28.2084054,83.945905,"https://www.google.com/maps/place/New+Turkish+%26+Nepali+Kitchen+Kabap+House/@28.2084054,83.945905,15z/data=!4m11!1m3!2m2!1srestaurant!6e5!3m6!1s0x399595034cef0d19:0x32670bc1e11422ef!8m2!3d28.2084054!4d83.9639294!15sCgpyZXN0YXVyYW50WgwiCnJlc3RhdXJhbnSSARJ0dXJraXNoX3Jlc3RhdXJhbnSaASRDaGREU1VoTk1HOW5TMFZKUTBGblRVTkpjWFF0ZGpOblJSQULgAQD6AQQIABAx!16s%2Fg%2F11gbp19wj6?entry=ttu&g_ep=EgoyMDI2MDQxNC4wIKXMDSoASAFQAw%3D%3D",Closed · Opens 10 AM Sat 
New Turkish & Nepali Kitchen Kabap House,"6X57+9H7, Pokhara 33700",,,980-3926390,restaurant,Grid Search,,,28.2084054,83.945905,"https://www.google.com/maps/place/New+Turkish+%26+Nepali+Kitchen+Kabap+House/@28.2084054,83.945905,15z/data=!4m11!1m3!2m2!1srestaurant!6e5!3m6!1s0x399595034cef0d19:0x32670bc1e11422ef!8m2!3d28.2084054!4d83.9639294!15sCgpyZXN0YXVyYW50WgwiCnJlc3RhdXJhbnSSARJ0dXJraXNoX3Jlc3RhdXJhbnSaASRDaGREU1VoTk1HOW5TMFZKUTBGblRVTkpjWFF0ZGpOblJSQULgAQD6AQQIABAx!16s%2Fg%2F11gbp19wj6?entry=ttu&g_ep=EgoyMDI2MDQxNC4wIKXMDSoASAFQAw%3D%3D",Closed · Opens 10 AM Sat 
Om Rom Restaurant,"6XHR+X8Q, Road, Pokhara 33700",,,980-6700147,restaurant,Grid Search,,,28.22996,83.97283,"https://www.google.com/maps/place/Om+Rom+Restaurant/@28.22996,83.97283,15z/data=!4m11!1m3!2m2!1srestaurant!6e5!3m6!1s0x399595cbd73de26f:0xb3d69a139e2ff8cd!8m2!3d28.22996!4d83.9908544!15sCgpyZXN0YXVyYW50WgwiCnJlc3RhdXJhbnSSARBhc2lhbl9yZXN0YXVyYW50mgEjQ2haRFNVaE5NRzluUzBWSlEwRm5TVVJsTTNacFkwTjNFQUXgAQD6AQQIABAc!16s%2Fg%2F11s187xrb1?entry=ttu&g_ep=EgoyMDI2MDQxNC4wIKXMDSoASAFQAw%3D%3D",Closed · Opens 9 AM Sun 
Swoniga Chatamari Restaurant,"4 Gairapatan - Tersapatti Rd, Pokhara 33700",,,061-576701,restaurant,Grid Search,,,28.2080346,83.9700341,"https://www.google.com/maps/place/Swoniga+Chatamari+Restaurant/@28.2080346,83.9700341,15z/data=!4m11!1m3!2m2!1srestaurant!6e5!3m6!1s0x399595c62e5b4ca1:0xbf603e16138d8cbf!8m2!3d28.2266408!4d83.9874229!15sCgpyZXN0YXVyYW50WgwiCnJlc3RhdXJhbnSSAQpyZXN0YXVyYW50mgEjQ2haRFNVaE5NRzluUzBWSlEwRm5UVVJ2Y2twWGNWWm5FQUXgAQD6AQUI_AEQRA!16s%2Fg%2F11x2x90xlq?entry=ttu&g_ep=EgoyMDI2MDQxNC4wIKXMDSoASAFQAw%3D%3D",Closed · Opens 11 AM Sat 
MED 5 Restaurant,"Lakeside Rd, Pokhara 33700",med5restaurant.com,https://www.med5restaurant.com,061-457796,restaurant,Grid Search,,,28.2266408,83.9693985,"https://www.google.com/maps/place/MED+5+Restaurant/@28.2266408,83.9693985,15z/data=!4m11!1m3!2m2!1srestaurant!6e5!3m6!1s0x3995951b23748a31:0x854033a9f81068e7!8m2!3d28.2049488!4d83.9621471!15sCgpyZXN0YXVyYW50WgwiCnJlc3RhdXJhbnSSAQpyZXN0YXVyYW50mgFEQ2k5RFFVbFJRVU52WkVOb2RIbGpSamx2VDJ4Q2MxTlZSVFJUUkU1U1kxZG5ORm93Y0doTmJVVXpZVVZPZVZWclJSQULgAQD6AQUIkAIQRw!16s%2Fg%2F11f37fxpfn?entry=ttu&g_ep=EgoyMDI2MDQxNC4wIKXMDSoASAFQAw%3D%3D",Closed · Opens 8 AM Sat 
B.B.restaurant food &beverages,"Ammat St, Pokhara 33700",,,984-6914818,restaurant,Grid Search,,,28.2065529,83.9758123,"https://www.google.com/maps/place/B.B.restaurant+food+%26beverages/@28.2065529,83.9758123,15z/data=!4m11!1m3!2m2!1srestaurant!6e5!3m6!1s0x39959504b92d25f9:0x3538fc1daed134f7!8m2!3d28.2066007!4d83.9651176!15sCgpyZXN0YXVyYW50WgwiCnJlc3RhdXJhbnSSAQpyZXN0YXVyYW50mgFEQ2k5RFFVbFJRVU52WkVOb2RIbGpSamx2VDJ4T1UxRXdNV0ZrYlRoMFZsVTBNRk5xUmxsVVJVNW1XVzVvUms5V1JSQULgAQD6AQQIABA3!16s%2Fg%2F11cs4mnw16?entry=ttu&g_ep=EgoyMDI2MDQxNC4wIKXMDSoASAFQAw%3D%3D",Closed · Opens 7 AM Sat 
Anisha Restaurant,"gaurighat, lakeside, pokara-6",,,,restaurant,Grid Search,,,28.2112082,83.979227,"https://www.google.com/maps/place/Anisha+Restaurant/@28.2112082,83.979227,15z/data=!4m11!1m3!2m2!1srestaurant!6e5!3m6!1s0x3995951b6837ed3b:0x762cc124eac5c39f!8m2!3d28.2065356!4d83.9622027!15sCgpyZXN0YXVyYW50WgwiCnJlc3RhdXJhbnSSAQpyZXN0YXVyYW50mgFEQ2k5RFFVbFJRVU52WkVOb2RIbGpSamx2VDJ4Tk1sZElValJZTTJSWlVucEdWVk5HYkZaa01GSkRWVmRHUWsxV1JSQULgAQD6AQQIERAq!16s%2Fg%2F11cn8v5t_3?entry=ttu&g_ep=EgoyMDI2MDQxNC4wIKXMDSoASAFQAw%3D%3D",Closed · Opens 7 AM Sat 
Thakalni bhansa Ghar and Restaurant,"03 Nadipur Rd, Pokhara 33700",,,976-6049871,restaurant,Grid Search,,,28.230272,83.973155,"https://www.google.com/maps/place/Thakalni+bhansa+Ghar+and+Restaurant/@28.230272,83.973155,15z/data=!4m11!1m3!2m2!1srestaurant!6e5!3m6!1s0x399595686bd0ce0f:0x7078c7cb93633386!8m2!3d28.230272!4d83.9911794!15sCgpyZXN0YXVyYW50WgwiCnJlc3RhdXJhbnSSAQpyZXN0YXVyYW50mgFEQ2k5RFFVbFJRVU52WkVOb2RIbGpSamx2VDIxTmVGcHNPVmxTUmxwVVZHcFJlVlpFVGpWa1dGRXdVekZzWVZORlJSQULgAQD6AQQIKxA8!16s%2Fg%2F11xt1886b8?entry=ttu&g_ep=EgoyMDI2MDQxNC4wIKXMDSoASAFQAw%3D%3D",Closed · Opens 9 AM Sat 
Ambar's Kitchen,"6X57+FFW, Pokhara 33700",,,984-6030760,restaurant,Grid Search,,,28.2087343,83.945691,"https://www.google.com/maps/place/Ambar's+Kitchen/@28.2087343,83.945691,15z/data=!4m11!1m3!2m2!1srestaurant!6e5!3m6!1s0x3995951cb5adb54f:0xbca38f763715cd2e!8m2!3d28.2087343!4d83.9637154!15sCgpyZXN0YXVyYW50WgwiCnJlc3RhdXJhbnSSAQpyZXN0YXVyYW50mgEjQ2haRFNVaE5NRzluUzBWSlEwRm5TVVJHZGxsVVZVaG5FQUXgAQD6AQUI9AEQMg!16s%2Fg%2F11cmpq2kp0?entry=ttu&g_ep=EgoyMDI2MDQxNC4wIKXMDSoASAFQAw%3D%3D",Closed · Opens 11 AM Sat 
Ambar's Kitchen,"6X57+FFW, Pokhara 33700",,,061-455744,restaurant,Grid Search,,,28.2113951,83.9402351,"https://www.google.com/maps/place/Fresh+Elements+Restaurant+%26+Bar/@28.2113951,83.9402351,15z/data=!4m11!1m3!2m2!1srestaurant!6e5!3m6!1s0x3995951e75301097:0x440c372df9db7af2!8m2!3d28.2113951!4d83.9582595!15sCgpyZXN0YXVyYW50WgwiCnJlc3RhdXJhbnSSAQpyZXN0YXVyYW50mgEjQ2haRFNVaE5NRzluUzBWSlEwRm5TVVJVTUhFM1RWRjNFQUXgAQD6AQUInAEQRg!16s%2Fg%2F11d_w813t5?entry=ttu&g_ep=EgoyMDI2MDQxNC4wIKXMDSoASAFQAw%3D%3D",Open · Closes 4 AM 
Fresh Elements Restaurant & Bar,"16 Middle Path St, Pokhara 33700",freshelementsrestaurant.com.np,https://www.freshelementsrestaurant.com.np,061-455744,restaurant,Grid Search,,,28.2113951,83.9402351,"https://www.google.com/maps/place/Fresh+Elements+Restaurant+%26+Bar/@28.2113951,83.9402351,15z/data=!4m11!1m3!2m2!1srestaurant!6e5!3m6!1s0x3995951e75301097:0x440c372df9db7af2!8m2!3d28.2113951!4d83.9582595!15sCgpyZXN0YXVyYW50WgwiCnJlc3RhdXJhbnSSAQpyZXN0YXVyYW50mgEjQ2haRFNVaE5NRzluUzBWSlEwRm5TVVJVTUhFM1RWRjNFQUXgAQD6AQUInAEQRg!16s%2Fg%2F11d_w813t5?entry=ttu&g_ep=EgoyMDI2MDQxNC4wIKXMDSoASAFQAw%3D%3D",Open · Closes 4 AM 
Nepali Kitchen,"Pragati Marga, Pokhara 33700",,,984-6058289,restaurant,Grid Search,,,28.2113951,83.9402351,"https://www.google.com/maps/place/Nepali+Kitchen/@28.2113951,83.9402351,15z/data=!4m11!1m3!2m2!1srestaurant!6e5!3m6!1s0x3995951b46a8e5e3:0x6f77d37b1c1f95d4!8m2!3d28.2062673!4d83.9628667!15sCgpyZXN0YXVyYW50WgwiCnJlc3RhdXJhbnSSARNuZXBhbGVzZV9yZXN0YXVyYW50mgEjQ2haRFNVaE5NRzluUzBWSlEwRm5TVVF6ZGxCVGRWbFJFQUXgAQD6AQQIABAx!16s%2Fg%2F11cn93b8ld?entry=ttu&g_ep=EgoyMDI2MDQxNC4wIKXMDSoASAFQAw%3D%3D",Closed · Opens 7 AM Sat 
Baral Brothers Restaurant,"5 Nayabazar Rd, Pokhara 33700",,,980-5865165,restaurant,Grid Search,,,28.2136441,83.9557597,"https://www.google.com/maps/place/Y5+Restaurant/@28.2136441,83.9557597,15z/data=!4m11!1m3!2m2!1srestaurant!6e5!3m6!1s0x399595b2f0f3dc13:0x68e851fdb45d6757!8m2!3d28.2119408!4d83.9868901!15sCgpyZXN0YXVyYW50WgwiCnJlc3RhdXJhbnSSAQpyZXN0YXVyYW50mgEjQ2haRFNVaE5NRzluUzBWSlEwRm5TVVJvZW1WbE1sWjNFQUXgAQD6AQQIABAU!16s%2Fg%2F11g6vhx3hm?entry=ttu&g_ep=EgoyMDI2MDQxNC4wIKXMDSoASAFQAw%3D%3D",Closed · Opens 7 AM Sat 
Utopia Garden & Snacks Bar,Pokhara 33700,,,984-6114408,restaurant,Grid Search,,,28.2108821,83.9380073,"https://www.google.com/maps/place/Utopia+Garden+%26+Snacks+Bar/@28.2108821,83.9380073,15z/data=!4m11!1m3!2m2!1srestaurant!6e5!3m6!1s0x3995951e4b600103:0xd3f73a6c7b81b0c7!8m2!3d28.2108821!4d83.9560317!15sCgpyZXN0YXVyYW50WgwiCnJlc3RhdXJhbnSSAQpyZXN0YXVyYW50mgEkQ2hkRFNVaE5NRzluUzBWSlEwRm5TVVF0TFVsMVUzTkJSUkFC4AEA-gEECDMQPQ!16s%2Fg%2F11c0rtt02v?entry=ttu&g_ep=EgoyMDI2MDQxNC4wIKXMDSoASAFQAw%3D%3D",Closed · Opens 11 AM Sat 
Utopia Garden & Snacks Bar,"Hallanchowk, Pokhara 33700",,,061-591527,restaurant,Grid Search,,,28.2108821,83.9380073,"https://www.google.com/maps/place/Sweet+Memories+Restaurant/@28.2108821,83.9380073,15z/data=!4m11!1m3!2m2!1srestaurant!6e5!3m6!1s0x3995957af28ee20d:0xc7b6fb801d6e3525!8m2!3d28.2138314!4d83.9575509!15sCgpyZXN0YXVyYW50WgwiCnJlc3RhdXJhbnSSAQpyZXN0YXVyYW50mgEkQ2hkRFNVaE5NRzluUzBWSlEwRm5TVVF6YUhacVIyaDNSUkFC4AEA-gEECAAQPw!16s%2Fg%2F11j4n6ptq2?entry=ttu&g_ep=EgoyMDI2MDQxNC4wIKXMDSoASAFQAw%3D%3D",Closed · Opens 5:30 AM Sat 
Sweet Memories Restaurant,"Hallanchowk, Pokhara 33700",,,061-591527,restaurant,Grid Search,,,28.2108821,83.9380073,"https://www.google.com/maps/place/Sweet+Memories+Restaurant/@28.2108821,83.9380073,15z/data=!4m11!1m3!2m2!1srestaurant!6e5!3m6!1s0x3995957af28ee20d:0xc7b6fb801d6e3525!8m2!3d28.2138314!4d83.9575509!15sCgpyZXN0YXVyYW50WgwiCnJlc3RhdXJhbnSSAQpyZXN0YXVyYW50mgEkQ2hkRFNVaE5NRzluUzBWSlEwRm5TVVF6YUhacVIyaDNSUkFC4AEA-gEECAAQPw!16s%2Fg%2F11j4n6ptq2?entry=ttu&g_ep=EgoyMDI2MDQxNC4wIKXMDSoASAFQAw%3D%3D",Closed · Opens 5:30 AM Sat 
Sweet Memories Restaurant,"6X37+QJ7, Ammat St, Pokhara 33700",,,061-591262,restaurant,Grid Search,,,28.2108821,83.9380073,"https://www.google.com/maps/place/Chinese+Garden+Restaurant+And+Bar/@28.2108821,83.9380073,15z/data=!4m11!1m3!2m2!1srestaurant!6e5!3m6!1s0x399595052bc35753:0xb397f02c2c869630!8m2!3d28.2044075!4d83.9640571!15sCgpyZXN0YXVyYW50WgwiCnJlc3RhdXJhbnSSAQpyZXN0YXVyYW50mgEkQ2hkRFNVaE5NRzluUzBWSlEwRm5TVU5zTmpsdU16Tm5SUkFC4AEA-gEECC8QOA!16s%2Fg%2F11cn9rlphy?entry=ttu&g_ep=EgoyMDI2MDQxNC4wIKXMDSoASAFQAw%3D%3D",Closed · Opens 9 AM Sat 
Chinese Garden Restaurant And Bar,"6X37+QJ7, Ammat St, Pokhara 33700",,,061-591262,restaurant,Grid Search,,,28.2108821,83.9380073,"https://www.google.com/maps/place/Chinese+Garden+Restaurant+And+Bar/@28.2108821,83.9380073,15z/data=!4m11!1m3!2m2!1srestaurant!6e5!3m6!1s0x399595052bc35753:0xb397f02c2c869630!8m2!3d28.2044075!4d83.9640571!15sCgpyZXN0YXVyYW50WgwiCnJlc3RhdXJhbnSSAQpyZXN0YXVyYW50mgEkQ2hkRFNVaE5NRzluUzBWSlEwRm5TVU5zTmpsdU16Tm5SUkFC4AEA-gEECC8QOA!16s%2Fg%2F11cn9rlphy?entry=ttu&g_ep=EgoyMDI2MDQxNC4wIKXMDSoASAFQAw%3D%3D",Closed · Opens 9 AM Sat 
NEW FAMILY RESTAURANT,"6X48+X9M, Thado Pasal Path, Pokhara 33700",,,981-0467893,restaurant,Grid Search,,,28.2074578,83.9478865,"https://www.google.com/maps/place/NEW+FAMILY+RESTAURANT/@28.2074578,83.9478865,15z/data=!4m11!1m3!2m2!1srestaurant!6e5!3m6!1s0x399595c25037339f:0x216e5eb52f4d652c!8m2!3d28.2074578!4d83.9659109!15sCgpyZXN0YXVyYW50WgwiCnJlc3RhdXJhbnSSAQpyZXN0YXVyYW504AEA!16s%2Fg%2F11h7_tmbfl?entry=ttu&g_ep=EgoyMDI2MDQxNC4wIKXMDSoASAFQAw%3D%3D",
genz Cafe and restaurant,"Pokhara 邮政编码:, 33700",,,986-4248899,restaurant,Grid Search,,,28.2054736,83.9579833,"https://www.google.com/maps/place/Asian+Food+Land/@28.2054736,83.9579833,15z/data=!4m11!1m3!2m2!1srestaurant!6e5!3m6!1s0x399595ce210a5311:0xb96fb7b738ceac73!8m2!3d28.2054736!4d83.9760077!15sCgpyZXN0YXVyYW50WgwiCnJlc3RhdXJhbnSSARBhc2lhbl9yZXN0YXVyYW50mgEkQ2hkRFNVaE5NRzluUzBWSlEwRm5TVU5zYlRrelRuWlJSUkFC4AEA-gEECD4QSg!16s%2Fg%2F11h0899l2l?entry=ttu&g_ep=EgoyMDI2MDQxNC4wIKXMDSoASAFQAw%3D%3D",Closed · Opens 11:29 AM Sat 
Asian Food Land,"Pokhara 邮政编码:, 33700",,,986-4248899,restaurant,Grid Search,,,28.2054736,83.9579833,"https://www.google.com/maps/place/Asian+Food+Land/@28.2054736,83.9579833,15z/data=!4m11!1m3!2m2!1srestaurant!6e5!3m6!1s0x399595ce210a5311:0xb96fb7b738ceac73!8m2!3d28.2054736!4d83.9760077!15sCgpyZXN0YXVyYW50WgwiCnJlc3RhdXJhbnSSARBhc2lhbl9yZXN0YXVyYW50mgEkQ2hkRFNVaE5NRzluUzBWSlEwRm5TVU5zYlRrelRuWlJSUkFC4AEA-gEECD4QSg!16s%2Fg%2F11h0899l2l?entry=ttu&g_ep=EgoyMDI2MDQxNC4wIKXMDSoASAFQAw%3D%3D",Closed · Opens 11:29 AM Sat 
Roadhouse Cafe Pokhara,Pokhara 33700,roadhousenepal.com,https://www.roadhousenepal.com,061-457421,restaurant,Grid Search,,,28.2137523,83.9393799,"https://www.google.com/maps/place/Roadhouse+Cafe+Pokhara/@28.2137523,83.9393799,15z/data=!4m11!1m3!2m2!1srestaurant!6e5!3m6!1s0x399594e1e88572fb:0xbd3e2c213e3576cc!8m2!3d28.2137523!4d83.9574043!15sCgpyZXN0YXVyYW50WgwiCnJlc3RhdXJhbnSSAQpyZXN0YXVyYW50mgFEQ2k5RFFVbFJRVU52WkVOb2RIbGpSamx2VDI1T1FtRXlValpoYm5CRVdWZDRhMVJWTVZoVWVrNXhZMFU0TkZOdVl4QULgAQD6AQQIXBBK!16s%2Fg%2F11c7hfwk5w?entry=ttu&g_ep=EgoyMDI2MDQxNC4wIKXMDSoASAFQAw%3D%3D",Closed · Opens 11:30 AM Sat 
Anaki Restaurant & Bar,"Baidam Rd, Pokhara 33700",anakibar.com.np,https://www.anakibar.com.np,970-5076324,restaurant,Grid Search,,,28.2137523,83.9393799,"https://www.google.com/maps/place/Anaki+Restaurant+%26+Bar/@28.2137523,83.9393799,15z/data=!4m11!1m3!2m2!1srestaurant!6e5!3m6!1s0x3995951e21f32175:0xbf748b8326801c0f!8m2!3d28.2130047!4d83.9570796!15sCgpyZXN0YXVyYW50WgwiCnJlc3RhdXJhbnSSAQpyZXN0YXVyYW50mgEkQ2hkRFNVaE5NRzluUzBWSlEwRm5UVU4zWjE5TU1XeG5SUkFC4AEA-gEECAAQRA!16s%2Fg%2F11ggrq857v?entry=ttu&g_ep=EgoyMDI2MDQxNC4wIKXMDSoASAFQAw%3D%3D",Open · Closes 2 AM 
Tara's Restaurant (Nepalese Vegetarian),"6 Street No. 13, Pokhara 33700",,,981-3258296,restaurant,Grid Search,,,28.2137523,83.9393799,"https://www.google.com/maps/place/Tara's+Restaurant+(Nepalese+Vegetarian)/@28.2137523,83.9393799,15z/data=!4m11!1m3!2m2!1srestaurant!6e5!3m6!1s0x3995951eb2dafba3:0x922c96573c6447f5!8m2!3d28.2076299!4d83.9578045!15sCgpyZXN0YXVyYW50WgwiCnJlc3RhdXJhbnSSAQpyZXN0YXVyYW50mgFEQ2k5RFFVbFJRVU52WkVOb2RIbGpSamx2VDJ0d05GbHVWbFpSYTBaVlUwaE5ORkpIYzNka1YzUXdaRmRXY1ZSSVl4QULgAQD6AQQIABAw!16s%2Fg%2F11c1xlwxv7?entry=ttu&g_ep=EgoyMDI2MDQxNC4wIKXMDSoASAFQAw%3D%3D",Closed · Opens 7:30 AM Sat 
New Era Restaurant and Party Palace,"0KM, Firke,, Pokhara 33700",,,061-580947,restaurant,Grid Search,,,28.2127613,83.9583994,"https://www.google.com/maps/place/New+Era+Restaurant+and+Party+Palace/@28.2127613,83.9583994,15z/data=!4m11!1m3!2m2!1srestaurant!6e5!3m6!1s0x399595aadc9cf72d:0x17e459fb3a3eb84b!8m2!3d28.2127613!4d83.9764238!15sCgpyZXN0YXVyYW50WgwiCnJlc3RhdXJhbnSSAQpyZXN0YXVyYW50mgEjQ2haRFNVaE5NRzluUzBWSlEwRm5TVU0xTTNJeVJGZG5FQUXgAQD6AQQIABAf!16s%2Fg%2F11c45q0kx_?entry=ttu&g_ep=EgoyMDI2MDQxNC4wIKXMDSoASAFQAw%3D%3D",Closed · Opens 6:30 AM Sat 
Gurung Restaurant गुरुङ रेस्टुरेन्ट,"6X4G+HM6, Pokhara 33700",,,981-9198085,restaurant,Grid Search,,,28.2127613,83.9583994,"https://www.google.com/maps/place/Gurung+Restaurant+%E0%A4%97%E0%A5%81%E0%A4%B0%E0%A5%81%E0%A4%99+%E0%A4%B0%E0%A5%87%E0%A4%B8%E0%A5%8D%E0%A4%9F%E0%A5%81%E0%A4%B0%E0%A5%87%E0%A4%A8%E0%A5%8D%E0%A4%9F/@28.2127613,83.9583994,15z/data=!4m11!1m3!2m2!1srestaurant!6e5!3m6!1s0x39959556b21c69d9:0x945d99bfc91a1104!8m2!3d28.2064191!4d83.976632!15sCgpyZXN0YXVyYW50WgwiCnJlc3RhdXJhbnSSAQpyZXN0YXVyYW504AEA!16s%2Fg%2F11ghwp0s7v?entry=ttu&g_ep=EgoyMDI2MDQxNC4wIKXMDSoASAFQAw%3D%3D",Closed · Opens 7 AM Sat 
Misha’s Cafe &Restaurant,Pokhara 33700,,,980-6530812,restaurant,Grid Search,,,28.219,83.995,"https://www.google.com/maps/place/Misha%E2%80%99s+Cafe+%26Restaurant/@28.219,83.995,15z/data=!4m11!1m3!2m2!1srestaurant!6e5!3m6!1s0x399595e721d44455:0x30cb8b385ee07d62!8m2!3d28.2123671!4d83.9748945!15sCgpyZXN0YXVyYW50WgwiCnJlc3RhdXJhbnSSARFmYW1pbHlfcmVzdGF1cmFudJoBRENpOURRVWxSUVVOdlpFTm9kSGxqUmpsdlQydEtRazFHUW01VGJYaDNaRVZPYlZGVk1WTk9hMHA2VlhwQk5HUnJSUkFC4AEA-gEECF4QKw!16s%2Fg%2F11kqqjjdw4?entry=ttu&g_ep=EgoyMDI2MDQxNC4wIKXMDSoASAFQAw%3D%3D",
Backyard Cafe & Restaurant,"2 Durbarthok Maarga, Pokhara 33700",,,061-530409,restaurant,Grid Search,,,28.22996,83.97283,"https://www.google.com/maps/place/Backyard+Cafe+%26+Restaurant/@28.22996,83.97283,15z/data=!4m11!1m3!2m2!1srestaurant!6e5!3m6!1s0x399595a8afd6921f:0x43a1e05a205458f6!8m2!3d28.2184507!4d83.988783!15sCgpyZXN0YXVyYW50WgwiCnJlc3RhdXJhbnSSAQpyZXN0YXVyYW504AEA!16s%2Fg%2F11p5x6w2db?entry=ttu&g_ep=EgoyMDI2MDQxNC4wIKXMDSoASAFQAw%3D%3D",Closed · Opens 8 AM Sun 
Good Friday Restaurant,"6276+5X3, Road, Pokhara 33700",,,,restaurant,Grid Search,,,28.2190513,83.9888692,"https://www.google.com/maps/place/Good+Friday+Restaurant/@28.2190513,83.9888692,15z/data=!4m11!1m3!2m2!1srestaurant!6e5!3m6!1s0x3995951ba6810adf:0x8474960a858bd990!8m2!3d28.2128786!4d84.0124089!15sCgpyZXN0YXVyYW50WgwiCnJlc3RhdXJhbnSSARJjaGlja2VuX3Jlc3RhdXJhbnTgAQA!16s%2Fg%2F11rs2q_f8_?entry=ttu&g_ep=EgoyMDI2MDQxNC4wIKXMDSoASAFQAw%3D%3D",Closed · Opens 7 AM Sat 
Grab N' Eat,"Nayabazar Rd, Pokhara 33700",,,981-3705564,restaurant,Grid Search,,,28.2065529,83.9758123,"https://www.google.com/maps/place/Grab+N'+Eat/@28.2065529,83.9758123,15z/data=!4m11!1m3!2m2!1srestaurant!6e5!3m6!1s0x3995951091bea4f5:0xb7e28e0d9e158c91!8m2!3d28.2198591!4d83.9910175!15sCgpyZXN0YXVyYW50WgwiCnJlc3RhdXJhbnSSAQpyZXN0YXVyYW50mgEkQ2hkRFNVaE5NRzluUzBWSlEwRm5TVU5PZDJKdU5uaDNSUkFC4AEA-gEECAAQHQ!16s%2Fg%2F11lcx6thwj?entry=ttu&g_ep=EgoyMDI2MDQxNC4wIKXMDSoASAFQAw%3D%3D",Closed · Opens 7 AM Sat 
Lishno cafe and restaurant,"1 Medical line, Pokhara 33700",,,061-524194,restaurant,Grid Search,,,28.206597,83.9761601,"https://www.google.com/maps/place/Lishno+cafe+and+restaurant/@28.206597,83.9761601,15z/data=!4m11!1m3!2m2!1srestaurant!6e5!3m6!1s0x399595bf230b211d:0x900e85e9371d9a71!8m2!3d28.2231262!4d83.9909781!15sCgpyZXN0YXVyYW50WgwiCnJlc3RhdXJhbnSSAQpyZXN0YXVyYW504AEA!16s%2Fg%2F11h6lm6tgt?entry=ttu&g_ep=EgoyMDI2MDQxNC4wIKXMDSoASAFQAw%3D%3D",Closed · Opens 8 AM Sat 
Sathivai Restaurant,"6XFM+W2R, Pokhara 33700",,,985-6022591,restaurant,Grid Search,,,28.2153254,83.9884069,"https://www.google.com/maps/place/Sathivai+Restaurant/@28.2153254,83.9884069,15z/data=!4m11!1m3!2m2!1srestaurant!6e5!3m6!1s0x39959563d2d453cf:0x15de68c2086c7db8!8m2!3d28.2248624!4d83.9825019!15sCgpyZXN0YXVyYW50WgwiCnJlc3RhdXJhbnSSAQpyZXN0YXVyYW504AEA!16s%2Fg%2F11fp3ltgmf?entry=ttu&g_ep=EgoyMDI2MDQxNC4wIKXMDSoASAFQAw%3D%3D",
ON THE WAY RESTAURANT,"6XMX+V33, Pokhara 33700",,,980-4113000,restaurant,Grid Search,,,28.2346447,83.9796501,"https://www.google.com/maps/place/ON+THE+WAY+RESTAURANT/@28.2346447,83.9796501,15z/data=!4m11!1m3!2m2!1srestaurant!6e5!3m6!1s0x399595007e7c527b:0xfcec3162e2d4489e!8m2!3d28.2346447!4d83.9976745!15sCgpyZXN0YXVyYW50WgwiCnJlc3RhdXJhbnSSAQpyZXN0YXVyYW504AEA!16s%2Fg%2F11j8kg060s?entry=ttu&g_ep=EgoyMDI2MDQxNC4wIKXMDSoASAFQAw%3D%3D",Closed · Opens 6:30 AM Sat 
The Rooftop Restaurant And Bar,"6XFQ+C9Q, Pokhara 33700",,,061-525893,restaurant,Grid Search,,,28.2186631,83.9399757,"https://www.google.com/maps/place/The+Rooftop+Restaurant+And+Bar/@28.2186631,83.9399757,15z/data=!4m11!1m3!2m2!1srestaurant!6e5!3m6!1s0x3995944f1ba6e673:0xd48cf8406f7f1c4c!8m2!3d28.2235959!4d83.9884923!15sCgpyZXN0YXVyYW50WgwiCnJlc3RhdXJhbnSSAQpyZXN0YXVyYW504AEA!16s%2Fg%2F11ddxqpz82?entry=ttu&g_ep=EgoyMDI2MDQxNC4wIKXMDSoASAFQAw%3D%3D",Open 24 hours 
Lafa Restaurant,"3 Gairapatan - Tersapatti Rd, Pokhara 33700",,,,restaurant,Grid Search,,,28.2064191,83.9586076,"https://www.google.com/maps/place/Lafa+Restaurant/@28.2064191,83.9586076,15z/data=!4m11!1m3!2m2!1srestaurant!6e5!3m6!1s0x39959445adff04e5:0x99b6ba49e170948d!8m2!3d28.2279124!4d83.9888794!15sCgpyZXN0YXVyYW50WgwiCnJlc3RhdXJhbnSSAQpyZXN0YXVyYW504AEA!16s%2Fg%2F11fzps_krr?entry=ttu&g_ep=EgoyMDI2MDQxNC4wIKXMDSoASAFQAw%3D%3D",Closed · Opens 8 AM Sat 
Kesari Kitchen The Restaurant And Bar,"6X9X+PM8, Pokhara 33700",facebook.com,https://www.facebook.com,984-8258266,restaurant,Grid Search,,,28.2226325,83.9686501,"https://www.google.com/maps/place/Kesari+Kitchen+The+Restaurant+And+Bar/@28.2226325,83.9686501,15z/data=!4m11!1m3!2m2!1srestaurant!6e5!3m6!1s0x3995950025463cdf:0x73518c0868ddb172!8m2!3d28.219317!4d83.999306!15sCgpyZXN0YXVyYW50WgwiCnJlc3RhdXJhbnSSAQpyZXN0YXVyYW504AEA!16s%2Fg%2F11wbsn5sty?entry=ttu&g_ep=EgoyMDI2MDQxNC4wIKXMDSoASAFQAw%3D%3D",Closed · Opens 7 AM Sat 
Green Forest Restaurant,"4 Gairapatan - Tersapatti Rd, Pokhara 33700",,,061-576701,restaurant,Grid Search,,,28.2190513,83.9888692,"https://www.google.com/maps/place/Swoniga+Chatamari+Restaurant/@28.2190513,83.9888692,15z/data=!4m11!1m3!2m2!1srestaurant!6e5!3m6!1s0x399595c62e5b4ca1:0xbf603e16138d8cbf!8m2!3d28.2266408!4d83.9874229!15sCgpyZXN0YXVyYW50WgwiCnJlc3RhdXJhbnSSAQpyZXN0YXVyYW504AEA!16s%2Fg%2F11x2x90xlq?entry=ttu&g_ep=EgoyMDI2MDQxNC4wIKXMDSoASAFQAw%3D%3D",Closed · Opens 11 AM Sat 
Swoniga Chatamari Restaurant,"6XFQ+J97, Pokhara 33700",,,,restaurant,Grid Search,,,28.2266408,83.9693985,"https://www.google.com/maps/place/City+View+Restaurant+%26+Bar/@28.2266408,83.9693985,15z/data=!4m11!1m3!2m2!1srestaurant!6e5!3m6!1s0x3995944f111ef60f:0xe9faebef0a8aefa3!8m2!3d28.2240449!4d83.9884128!15sCgpyZXN0YXVyYW50WgwiCnJlc3RhdXJhbnSSAQpyZXN0YXVyYW504AEA!16s%2Fg%2F11crzf5qj5?entry=ttu&g_ep=EgoyMDI2MDQxNC4wIKXMDSoASAFQAw%3D%3D",Closed · Opens 8 AM Sat 
The Shahi Restaurant,"mahendrapool near sita bhawan, Pokhara 33700",,,974-8844394,restaurant,Grid Search,,,28.230272,83.973155,"https://www.google.com/maps/place/The+Shahi+Restaurant/@28.230272,83.973155,15z/data=!4m11!1m3!2m2!1srestaurant!6e5!3m6!1s0x3995950020b5c2c3:0x4cf0a831e0584041!8m2!3d28.2222723!4d83.9910723!15sCgpyZXN0YXVyYW50WgwiCnJlc3RhdXJhbnSSARFpbmRpYW5fcmVzdGF1cmFudJoBJENoZERTVWhOTUc5blMwVkpRMEZuU1VOWU56a3phbTUzUlJBQuABAPoBBAgAEBo!16s%2Fg%2F11ltd3w2kg?entry=ttu&g_ep=EgoyMDI2MDQxNC4wIKXMDSoASAFQAw%3D%3D",
Swing Zone Restaurant,"6XJW+55H, Pokhara 33700",,,,restaurant,Grid Search,,,28.2248534,83.97208,"https://www.google.com/maps/place/Swing+Zone+Restaurant/@28.2248534,83.97208,15z/data=!4m11!1m3!2m2!1srestaurant!6e5!3m6!1s0x39959500157422f5:0xc1bdd3551cce5b09!8m2!3d28.2304661!4d83.9954478!15sCgpyZXN0YXVyYW50kgEKcmVzdGF1cmFudOABAA!16s%2Fg%2F11nc44m23s?entry=ttu&g_ep=EgoyMDI2MDQxNC4wIKXMDSoASAFQAw%3D%3D",
Lajij Tadka Cafe & Restaurant PVT. LTD,"Pokhara Manipal Teaching Hospital, Road, Pokhara 33700",,,985-6044443,restaurant,Grid Search,,,28.2347849,83.9798285,"https://www.google.com/maps/place/Lajij+Tadka+Cafe+%26+Restaurant+PVT.+LTD/@28.2347849,83.9798285,15z/data=!4m11!1m3!2m2!1srestaurant!6e5!3m6!1s0x399595c98180bf47:0x9ebf462e823284e6!8m2!3d28.2347849!4d83.9978529!15sCgpyZXN0YXVyYW50WgwiCnJlc3RhdXJhbnSSARBhc2lhbl9yZXN0YXVyYW504AEA!16s%2Fg%2F11mdt_9pzr?entry=ttu&g_ep=EgoyMDI2MDQxNC4wIKXMDSoASAFQAw%3D%3D",Closed · Opens 6 AM Sat 
Suraj restaurant,"New Rd, Pokhara 33700",,,984-6150094,restaurant,Grid Search,,,28.2233391,83.9705253,"https://www.google.com/maps/place/Suraj+restaurant/@28.2233391,83.9705253,15z/data=!4m11!1m3!2m2!1srestaurant!6e5!3m6!1s0x3995944e6764217d:0x5932b39891d085f1!8m2!3d28.2215801!4d83.987149!15sCgpyZXN0YXVyYW50WgwiCnJlc3RhdXJhbnSSAQpyZXN0YXVyYW50mgEkQ2hkRFNVaE5NRzluUzBWSlEwRm5TVU5JYUVsUU5XOTNSUkFC4AEA-gEECDEQOw!16s%2Fg%2F11bzrmqp01?entry=ttu&g_ep=EgoyMDI2MDQxNC4wIKXMDSoASAFQAw%3D%3D",
Woori Himalayan Restaurant,"6XFP+GMF, Pokhara 33700",,,,restaurant,Grid Search,,,28.2061059,83.9782889,"https://www.google.com/maps/place/Woori+Himalayan+Restaurant/@28.2061059,83.9782889,15z/data=!4m11!1m3!2m2!1srestaurant!6e5!3m6!1s0x399595f335cde4d5:0x145ca9dfe79f5b15!8m2!3d28.2238112!4d83.9866691!15sCgpyZXN0YXVyYW50WgwiCnJlc3RhdXJhbnSSAQpyZXN0YXVyYW504AEA!16s%2Fg%2F11h5_ty3fs?entry=ttu&g_ep=EgoyMDI2MDQxNC4wIKXMDSoASAFQAw%3D%3D",
JND Restaurant,"V.C. Marg, Pokhara 33700",,,981-4100466,restaurant,Grid Search,,,28.2311751,83.9729905,"https://www.google.com/maps/place/JND+Restaurant/@28.2311751,83.9729905,15z/data=!4m11!1m3!2m2!1srestaurant!6e5!3m6!1s0x399595f5d21c6007:0xe804ec6567821946!8m2!3d28.2311751!4d83.9910149!15sCgpyZXN0YXVyYW50WgwiCnJlc3RhdXJhbnSSAQpyZXN0YXVyYW50mgFEQ2k5RFFVbFJRVU52WkVOb2RIbGpSamx2VDJ0U2RXRjVNV2hhVjA1dFdXczFUMkZJUVhka1ZYQlFXRE5LYTJGRlJSQULgAQD6AQQIABAc!16s%2Fg%2F11f5vcq02j?entry=ttu&g_ep=EgoyMDI2MDQxNC4wIKXMDSoASAFQAw%3D%3D",Closed · Opens 8 AM Sat 
Station The Food,"Niva Galli, Pokhara 33700",,,984-6037087,restaurant,Grid Search,,,28.2099101,83.9643037,"https://www.google.com/maps/place/Station+The+Food/@28.2099101,83.9643037,15z/data=!4m11!1m3!2m2!1srestaurant!6e5!3m6!1s0x3995944ee42c02bb:0xb7d77affc509239f!8m2!3d28.2235371!4d83.9885638!15sCgpyZXN0YXVyYW50WgwiCnJlc3RhdXJhbnSSAQpyZXN0YXVyYW50mgEkQ2hkRFNVaE5NRzluUzBWSlEwRm5TVVJVT0dKMk0yeFJSUkFC4AEA-gEECBYQSg!16s%2Fg%2F1ydp9xnm6?entry=ttu&g_ep=EgoyMDI2MDQxNC4wIKXMDSoASAFQAw%3D%3D",Closed · Opens 8 AM Sat 
Station The Food,"6XFQ+JV5, Chiple Dhunga Rd, Pokhara 33700",,,974-5993335,restaurant,Grid Search,,,28.2235371,83.9705394,"https://www.google.com/maps/place/Clover+Restaurant/@28.2235371,83.9705394,15z/data=!4m11!1m3!2m2!1srestaurant!6e5!3m6!1s0x3995953ef49096d1:0xaf5181fe794751fd!8m2!3d28.2239846!4d83.989751!15sCgpyZXN0YXVyYW50WgwiCnJlc3RhdXJhbnSSARFmYW1pbHlfcmVzdGF1cmFudJoBJENoZERTVWhOTUc5blMwVkpRMEZuU1VOU09EVkVkak5CUlJBQuABAPoBBAgAEAw!16s%2Fg%2F11txt1rbzv?entry=ttu&g_ep=EgoyMDI2MDQxNC4wIKXMDSoASAFQAw%3D%3D",Closed · Opens 8 AM Sat 
Clover Restaurant,"6XFQ+JV5, Chiple Dhunga Rd, Pokhara 33700",,,974-5993335,restaurant,Grid Search,,,28.2235371,83.9705394,"https://www.google.com/maps/place/Clover+Restaurant/@28.2235371,83.9705394,15z/data=!4m11!1m3!2m2!1srestaurant!6e5!3m6!1s0x3995953ef49096d1:0xaf5181fe794751fd!8m2!3d28.2239846!4d83.989751!15sCgpyZXN0YXVyYW50WgwiCnJlc3RhdXJhbnSSARFmYW1pbHlfcmVzdGF1cmFudJoBJENoZERTVWhOTUc5blMwVkpRMEZuU1VOU09EVkVkak5CUlJBQuABAPoBBAgAEAw!16s%2Fg%2F11txt1rbzv?entry=ttu&g_ep=EgoyMDI2MDQxNC4wIKXMDSoASAFQAw%3D%3D",Closed · Opens 8 AM Sat 
Himalpari Restaurant,"6X6X+RW5, Pokhara 33700",,,,restaurant,Grid Search,,,28.2235371,83.9705394,"https://www.google.com/maps/place/Himalpari+Restaurant/@28.2235371,83.9705394,15z/data=!4m11!1m3!2m2!1srestaurant!6e5!3m6!1s0x399595cb75e31bcd:0x28b05be5e316939b!8m2!3d28.2120226!4d83.9998677!15sCgpyZXN0YXVyYW50WgwiCnJlc3RhdXJhbnSSAQpyZXN0YXVyYW504AEA!16s%2Fg%2F11c5_22nlm?entry=ttu&g_ep=EgoyMDI2MDQxNC4wIKXMDSoASAFQAw%3D%3D",Closes soon · 12 AM · Opens 12 AM Sun 
Hotel Parbat Lamichhane Lodge and Restaurant,"6X5M+CRX, Pokhara 33700",,,986-7228112,restaurant,Grid Search,,,28.2120226,83.9818433,"https://www.google.com/maps/place/Hotel+Parbat+Lamichhane+Lodge+and+Restaurant/@28.2120226,83.9818433,15z/data=!4m11!1m3!2m2!1srestaurant!6e5!3m6!1s0x399595c17f489cc3:0xd1727b39b1f566c4!8m2!3d28.2086111!4d83.9845954!15sCgpyZXN0YXVyYW50WgwiCnJlc3RhdXJhbnSSAQpyZXN0YXVyYW504AEA!16s%2Fg%2F11qmr16f4d?entry=ttu&g_ep=EgoyMDI2MDQxNC4wIKXMDSoASAFQAw%3D%3D",Open 24 hours 
Green Day Restaurant & Bar,"6XFP+MH6, Pokhara 33700",,,061-539011,restaurant,Grid Search,,,28.2241626,83.9683767,"https://www.google.com/maps/place/Green+Day+Restaurant+%26+Bar/@28.2241626,83.9683767,15z/data=!4m11!1m3!2m2!1srestaurant!6e5!3m6!1s0x3995944fb8b33585:0x1af0b39c539b8ff0!8m2!3d28.2241626!4d83.9864011!15sCgpyZXN0YXVyYW50WgwiCnJlc3RhdXJhbnSSAQpyZXN0YXVyYW504AEA!16s%2Fg%2F11gb3yb1dt?entry=ttu&g_ep=EgoyMDI2MDQxNC4wIKXMDSoASAFQAw%3D%3D",Closed · Opens 8 AM Sat 
Old Bhandari Restaurant,"Shavagriha chowk, sivalaye marg, Pokhara 33700",,,061-537539,restaurant,Grid Search,,,28.22251,83.9687191,"https://www.google.com/maps/place/Old+Bhandari+Restaurant/@28.22251,83.9687191,15z/data=!4m11!1m3!2m2!1srestaurant!6e5!3m6!1s0x399595adb8ea2a7f:0x92126105e49c2197!8m2!3d28.2102964!4d83.9835256!15sCgpyZXN0YXVyYW50WgwiCnJlc3RhdXJhbnSSAQpyZXN0YXVyYW504AEA!16s%2Fg%2F11by_n_jzt?entry=ttu&g_ep=EgoyMDI2MDQxNC4wIKXMDSoASAFQAw%3D%3D",Closed · Opens 1 PM Sat 
Baleni Cafe-Bakery-Restaurant,"6XGJ+37C, Pokhara 33700",,,,restaurant,Grid Search,,,28.22251,83.9687191,"https://www.google.com/maps/place/Baleni+Cafe-Bakery-Restaurant/@28.22251,83.9687191,15z/data=!4m11!1m3!2m2!1srestaurant!6e5!3m6!1s0x3995950ab4911449:0x9ef0b5afa9ad181c!8m2!3d28.2251828!4d83.9806287!15sCgpyZXN0YXVyYW50WgwiCnJlc3RhdXJhbnSSAQpyZXN0YXVyYW50mgEjQ2haRFNVaE5NRzluUzBWSlEwRm5TVU5hY0V0MVUxaEJFQUXgAQD6AQQIMxBL!16s%2Fg%2F11rr8nm6sy?entry=ttu&g_ep=EgoyMDI2MDQxNC4wIKXMDSoASAFQAw%3D%3D",Closed · Opens 7 AM Sat 
